{
  "best_params": {
    "lambda_l1": 6.305388847332851,
    "lambda_l2": 1.802037527601969,
    "n_estimators": 1000,
    "max_depth": 16,
    "num_leaves": 64,
    "min_data_in_leaf": 500
  },
  "best_value": 0.5082740186803616,
  "metric": "acc"
}