r2,rmse,mae,hit_rate,ic,rank_ic,split,days
-11203.571625445154,0.9788419949189274,0.6037901259392462,0.49184813515879716,-0.00985575529471877,-0.022861447214226154,train,151
-6897.884943786995,0.9767131951045583,0.6147085406076876,0.48152185244286727,-0.012285427693645032,-0.024442815613549492,val,50
-9127.064429547132,0.9922598989605425,0.6521421080222636,0.4784668142672852,-0.04488782834750253,-0.047305170801526825,test,51
