r2,rmse,mae,hit_rate,ic,rank_ic,split,days
-11166.223059417503,0.977462134991942,0.602847920941414,0.4864807853974676,-0.01744042057302319,-0.03317404319410733,train,151
-6989.505406654524,0.9830901937099729,0.6171892332970838,0.49354956172416464,0.003499089769695143,-0.02196681519951531,val,50
-8959.753717781286,0.9841945192649891,0.6496442893929452,0.4826190022148043,-0.03575457271643518,-0.0339867855186275,test,51
