trade_date,code,score
2026-01-16,110067.SH,0.5710257182365425
2026-01-16,110070.SH,0.6431950281268184
2026-01-16,110073.SH,0.44397854697587835
2026-01-16,110074.SH,-1.929454219313476
2026-01-16,110075.SH,0.46930759107342035
2026-01-16,110076.SH,-0.3637225069249137
2026-01-16,110077.SH,0.8648730598352906
2026-01-16,110081.SH,0.35413250953348785
2026-01-16,110084.SH,0.4987108655950252
2026-01-16,110085.SH,-1.6185135954313081
2026-01-16,110086.SH,0.4460183057059114
2026-01-16,110087.SH,0.17495115390000832
2026-01-16,110089.SH,1.0444959303780088
2026-01-16,110090.SH,0.4605566405495214
2026-01-16,110092.SH,0.4722837332706469
2026-01-16,110093.SH,0.5849881504033663
2026-01-16,110094.SH,0.7611857750899802
2026-01-16,110095.SH,0.6818309021384813
2026-01-16,110097.SH,0.5787863087795444
2026-01-16,110098.SH,0.46346209440022823
2026-01-16,110099.SH,-0.18711737683040433
2026-01-16,111000.SH,0.5912776926182468
2026-01-16,111001.SH,-1.1219720123806047
2026-01-16,111002.SH,0.46556174456367705
2026-01-16,111003.SH,-0.016360516293154853
2026-01-16,111004.SH,0.3149284701018087
2026-01-16,111005.SH,0.5517865792097596
2026-01-16,111009.SH,0.08559879974538426
2026-01-16,111010.SH,0.3693988774506216
2026-01-16,111012.SH,0.7520489584227352
2026-01-16,111013.SH,0.3899328438454418
2026-01-16,111014.SH,-1.1046616407834777
2026-01-16,111015.SH,0.419888263718135
2026-01-16,111016.SH,1.012904803801014
2026-01-16,111017.SH,0.3537351317538511
2026-01-16,111018.SH,0.47382738500776533
2026-01-16,111019.SH,0.6583314470204532
2026-01-16,111020.SH,0.1535080486075522
2026-01-16,111021.SH,0.4387853220404829
2026-01-16,111022.SH,-0.1682904017593982
2026-01-16,111023.SH,-1.0269884541345515
2026-01-16,113033.SH,0.9265548181315737
2026-01-16,113037.SH,0.03165673135012003
2026-01-16,113039.SH,0.405805267862918
2026-01-16,113042.SH,0.6871561206937902
2026-01-16,113043.SH,0.48183285303581397
2026-01-16,113045.SH,1.0933200210265708
2026-01-16,113046.SH,0.4189619345138392
2026-01-16,113048.SH,0.2127285635401149
2026-01-16,113049.SH,-1.5733308897815104
2026-01-16,113051.SH,0.28204520751373646
2026-01-16,113052.SH,0.4160222437078133
2026-01-16,113053.SH,0.5062425528012965
2026-01-16,113054.SH,0.30812950048220744
2026-01-16,113056.SH,0.7025397609083415
2026-01-16,113058.SH,0.7196081921009047
2026-01-16,113059.SH,-1.1748793681722276
2026-01-16,113062.SH,0.8520606303518579
2026-01-16,113066.SH,0.4992087045213933
2026-01-16,113067.SH,0.08958408104352893
2026-01-16,113069.SH,1.1033722762289309
2026-01-16,113070.SH,0.20987992351554532
2026-01-16,113574.SH,0.843466384429632
2026-01-16,113575.SH,-2.974306788581165
2026-01-16,113579.SH,-3.1736073271033387
2026-01-16,113584.SH,0.6931164119317343
2026-01-16,113588.SH,0.4224407493476049
2026-01-16,113589.SH,-4.2835426582108145
2026-01-16,113593.SH,1.0861251183841243
2026-01-16,113597.SH,0.2791482655761861
2026-01-16,113601.SH,0.6489217891708159
2026-01-16,113605.SH,0.6169414228966489
2026-01-16,113610.SH,-0.7754941088738028
2026-01-16,113615.SH,0.43120294112946866
2026-01-16,113616.SH,0.2343743381333093
2026-01-16,113618.SH,-0.4828846385601417
2026-01-16,113623.SH,1.0149930118258812
2026-01-16,113624.SH,0.28166760048738126
2026-01-16,113625.SH,-0.42938074359033945
2026-01-16,113627.SH,0.08914048754936321
2026-01-16,113631.SH,0.7785936839989984
2026-01-16,113632.SH,0.5375117901125024
2026-01-16,113633.SH,-0.46885004524552376
2026-01-16,113634.SH,0.15615041243646519
2026-01-16,113636.SH,-0.7050539068738033
2026-01-16,113638.SH,-1.725118191255867
2026-01-16,113639.SH,0.7457797147895583
2026-01-16,113640.SH,0.60394705939906
2026-01-16,113643.SH,-0.0713627758579007
2026-01-16,113644.SH,0.43219015358382906
2026-01-16,113646.SH,0.5109366037497276
2026-01-16,113647.SH,-0.553844648609796
2026-01-16,113648.SH,-0.6768582515919226
2026-01-16,113649.SH,0.5861292037787198
2026-01-16,113650.SH,-2.7341143483886285
2026-01-16,113651.SH,-0.28094710157593605
2026-01-16,113652.SH,0.09437604728955983
2026-01-16,113653.SH,0.619874818656533
2026-01-16,113654.SH,0.2523067500880536
2026-01-16,113655.SH,0.43741187701136997
2026-01-16,113656.SH,0.3033279925816407
2026-01-16,113658.SH,0.47856717130225346
2026-01-16,113659.SH,0.5146686326258242
2026-01-16,113660.SH,-1.6218392467659841
2026-01-16,113661.SH,0.3058457897128173
2026-01-16,113665.SH,-0.07262448980188266
2026-01-16,113666.SH,0.31337046856784734
2026-01-16,113667.SH,0.5288006526409625
2026-01-16,113670.SH,-2.0305343943952363
2026-01-16,113671.SH,0.13702204082854766
2026-01-16,113672.SH,1.108578375130261
2026-01-16,113673.SH,0.36042063852064476
2026-01-16,113674.SH,-0.08005956161917993
2026-01-16,113676.SH,0.779679998330333
2026-01-16,113677.SH,0.21935430570893533
2026-01-16,113678.SH,0.4861993702243779
2026-01-16,113679.SH,-0.39576790190932015
2026-01-16,113680.SH,0.086189088459148
2026-01-16,113681.SH,0.718934909390183
2026-01-16,113682.SH,-0.8512084585058579
2026-01-16,113686.SH,0.7033453353301854
2026-01-16,113687.SH,-0.38372092177218586
2026-01-16,113688.SH,0.4104797403540846
2026-01-16,113691.SH,0.4834203031976849
2026-01-16,113692.SH,0.293665749038429
2026-01-16,113693.SH,-0.18267766987740497
2026-01-16,113694.SH,0.1973952912066773
2026-01-16,113695.SH,0.34375440722657347
2026-01-16,113696.SH,0.09546370201094719
2026-01-16,113697.SH,-0.3333728236972343
2026-01-16,113698.SH,-0.10455884452880483
2026-01-16,113699.SH,-0.538350447422693
2026-01-16,118000.SH,1.0161975677083182
2026-01-16,118003.SH,0.37764368629332745
2026-01-16,118004.SH,0.24702735537849835
2026-01-16,118005.SH,-2.577176669942287
2026-01-16,118006.SH,0.36108652493498344
2026-01-16,118007.SH,0.5564282453712023
2026-01-16,118008.SH,0.6419955389918462
2026-01-16,118009.SH,1.1042924779358418
2026-01-16,118010.SH,-4.496589542985838
2026-01-16,118011.SH,0.0890728179804618
2026-01-16,118012.SH,0.42059249507775864
2026-01-16,118013.SH,0.2928646445371374
2026-01-16,118015.SH,-1.2254418667108915
2026-01-16,118016.SH,0.7799094443847598
2026-01-16,118018.SH,-0.8976297324356877
2026-01-16,118020.SH,-2.5854505387063123
2026-01-16,118021.SH,-0.8681727857959032
2026-01-16,118022.SH,-1.779335149798321
2026-01-16,118024.SH,-0.03134636431196604
2026-01-16,118025.SH,-0.009013383637547978
2026-01-16,118027.SH,0.3246281309136239
2026-01-16,118029.SH,0.6413906158159235
2026-01-16,118030.SH,0.022457414455295865
2026-01-16,118031.SH,0.7834882618906928
2026-01-16,118032.SH,-2.8250864298004204
2026-01-16,118033.SH,-0.13700298818249884
2026-01-16,118034.SH,-0.006336831212085156
2026-01-16,118035.SH,0.36444823366813284
2026-01-16,118036.SH,0.21026456758967865
2026-01-16,118037.SH,0.336349554700537
2026-01-16,118038.SH,-0.204549666494618
2026-01-16,118039.SH,0.750644588680257
2026-01-16,118040.SH,-0.3761072708318362
2026-01-16,118041.SH,0.5390535111159954
2026-01-16,118042.SH,-1.0067516286508256
2026-01-16,118043.SH,1.0150135724518725
2026-01-16,118044.SH,0.11531837328400613
2026-01-16,118045.SH,-1.8869291677262685
2026-01-16,118048.SH,-0.3823102235518266
2026-01-16,118049.SH,0.5358650450581905
2026-01-16,118050.SH,0.5114773629782368
2026-01-16,118051.SH,0.12575765621556848
2026-01-16,118052.SH,0.3371540759587679
2026-01-16,118053.SH,-0.25831119715481565
2026-01-16,118054.SH,-1.0762613421223381
2026-01-16,118055.SH,0.38064732337659135
2026-01-16,118056.SH,0.38638547763468056
2026-01-16,118057.SH,-3.878802856259988
2026-01-16,118058.SH,0.0540006436632936
2026-01-16,118059.SH,0.05190385978615683
2026-01-16,118060.SH,0.2877704208781109
2026-01-16,118061.SH,-1.2641242071855197
2026-01-16,118062.SH,-0.602605429763891
2026-01-16,118063.SH,-0.7106962309307701
2026-01-16,123049.SZ,0.7077413978103643
2026-01-16,123054.SZ,0.5839551178232535
2026-01-16,123059.SZ,0.6407466305599776
2026-01-16,123061.SZ,0.8324529020105247
2026-01-16,123064.SZ,0.45713758361290224
2026-01-16,123065.SZ,-2.219991730692241
2026-01-16,123071.SZ,0.14522479711315547
2026-01-16,123072.SZ,-3.5948305021694242
2026-01-16,123076.SZ,0.775306233780833
2026-01-16,123080.SZ,0.3120686282460821
2026-01-16,123085.SZ,0.7093128954592942
2026-01-16,123088.SZ,0.5531548692485931
2026-01-16,123090.SZ,-1.7248067420528417
2026-01-16,123091.SZ,0.30831541642004107
2026-01-16,123092.SZ,0.5987636753220208
2026-01-16,123104.SZ,-0.5363637123784264
2026-01-16,123107.SZ,0.4328568247072038
2026-01-16,123108.SZ,0.20109941685148452
2026-01-16,123109.SZ,-1.5528927419312797
2026-01-16,123112.SZ,0.36224871491753136
2026-01-16,123113.SZ,-0.3766302914435349
2026-01-16,123114.SZ,0.17091874371603222
2026-01-16,123117.SZ,-1.9415450131627112
2026-01-16,123118.SZ,0.8294261097865916
2026-01-16,123119.SZ,0.382713862053115
2026-01-16,123121.SZ,0.06889396379887387
2026-01-16,123122.SZ,-2.123594683831896
2026-01-16,123124.SZ,0.3898298670550697
2026-01-16,123126.SZ,0.03849614340208559
2026-01-16,123128.SZ,0.996323388972881
2026-01-16,123129.SZ,0.0783903161622953
2026-01-16,123131.SZ,0.24618235358002538
2026-01-16,123133.SZ,0.5143971984334716
2026-01-16,123138.SZ,-0.5376871560714559
2026-01-16,123142.SZ,-1.0074133504973402
2026-01-16,123144.SZ,-0.6217155861691267
2026-01-16,123146.SZ,0.9132771057509984
2026-01-16,123149.SZ,0.43666082774203846
2026-01-16,123150.SZ,0.01387078457508672
2026-01-16,123151.SZ,-1.5021420560013818
2026-01-16,123154.SZ,-4.6409383498611545
2026-01-16,123155.SZ,0.141508757175548
2026-01-16,123157.SZ,0.42992280662336657
2026-01-16,123158.SZ,0.28281926561106663
2026-01-16,123159.SZ,1.1225174981953743
2026-01-16,123160.SZ,-0.6201202468855709
2026-01-16,123165.SZ,-0.4531618721037876
2026-01-16,123168.SZ,-0.05417004742345978
2026-01-16,123171.SZ,-0.4185699233601364
2026-01-16,123172.SZ,0.7647850814152946
2026-01-16,123173.SZ,0.6749735623695572
2026-01-16,123175.SZ,-1.0489514159153892
2026-01-16,123176.SZ,-1.6995279063088813
2026-01-16,123178.SZ,0.43619417766658863
2026-01-16,123179.SZ,-2.8336102813093285
2026-01-16,123180.SZ,-0.27425035019884636
2026-01-16,123182.SZ,-0.22970049363238493
2026-01-16,123183.SZ,0.09798837454681754
2026-01-16,123187.SZ,0.125363823630069
2026-01-16,123188.SZ,0.840162251142414
2026-01-16,123189.SZ,0.34602470552281206
2026-01-16,123192.SZ,-0.41471419563057865
2026-01-16,123193.SZ,-0.23012434219776823
2026-01-16,123194.SZ,0.18427301620117514
2026-01-16,123195.SZ,-0.5888962510657965
2026-01-16,123196.SZ,-0.12857521894233526
2026-01-16,123197.SZ,-0.17736896748597097
2026-01-16,123198.SZ,0.7141019655053893
2026-01-16,123199.SZ,0.6571999184603674
2026-01-16,123207.SZ,0.681312922720381
2026-01-16,123209.SZ,0.43628052363094416
2026-01-16,123210.SZ,0.1598748295526205
2026-01-16,123211.SZ,0.20628073686791434
2026-01-16,123213.SZ,0.7332061651141322
2026-01-16,123214.SZ,0.17864885921653376
2026-01-16,123215.SZ,0.2496692825607191
2026-01-16,123216.SZ,0.29363123852956974
2026-01-16,123220.SZ,0.4762502293139507
2026-01-16,123221.SZ,0.7153616449287552
2026-01-16,123222.SZ,0.5426165402594434
2026-01-16,123223.SZ,0.284802988241143
2026-01-16,123224.SZ,0.2663740132737268
2026-01-16,123225.SZ,0.5521006285363839
2026-01-16,123229.SZ,-0.05263532474832878
2026-01-16,123235.SZ,0.7257446413766896
2026-01-16,123236.SZ,0.4804646815883584
2026-01-16,123237.SZ,0.3385600519668913
2026-01-16,123239.SZ,0.7057159348165726
2026-01-16,123241.SZ,-0.787396101279398
2026-01-16,123242.SZ,1.0046365120170302
2026-01-16,123243.SZ,0.9259602594009282
2026-01-16,123245.SZ,0.7623359494331245
2026-01-16,123246.SZ,1.010126199156713
2026-01-16,123247.SZ,-0.21324135047222872
2026-01-16,123250.SZ,-1.0711564850818938
2026-01-16,123251.SZ,-0.5293990714502733
2026-01-16,123252.SZ,-1.3785044903537869
2026-01-16,123253.SZ,0.3117742599472514
2026-01-16,123254.SZ,0.5113306669895663
2026-01-16,123255.SZ,-2.171683381600582
2026-01-16,123256.SZ,0.8273092987954151
2026-01-16,123257.SZ,-0.48222837401598534
2026-01-16,123258.SZ,0.07725767458656346
2026-01-16,123259.SZ,0.3095112698294404
2026-01-16,123260.SZ,-0.31069353673066136
2026-01-16,123261.SZ,-0.47808802881999823
2026-01-16,123262.SZ,-0.2396189712025502
2026-01-16,123263.SZ,-0.3614334995401353
2026-01-16,127016.SZ,0.3656624490271173
2026-01-16,127017.SZ,-0.873122160384595
2026-01-16,127018.SZ,0.545670511451786
2026-01-16,127022.SZ,0.7354596448675041
2026-01-16,127024.SZ,0.47774502211271863
2026-01-16,127025.SZ,-3.4089967907029806
2026-01-16,127026.SZ,0.648717068525759
2026-01-16,127027.SZ,0.4263119491803503
2026-01-16,127028.SZ,1.1039065652782654
2026-01-16,127030.SZ,0.2283331426759417
2026-01-16,127031.SZ,0.03326943600369083
2026-01-16,127034.SZ,-0.24315597332593736
2026-01-16,127037.SZ,0.326214564972782
2026-01-16,127038.SZ,-0.5030373305154667
2026-01-16,127039.SZ,0.9519160032265878
2026-01-16,127040.SZ,0.7205707118366311
2026-01-16,127041.SZ,0.48438151408609037
2026-01-16,127042.SZ,1.1766554455313114
2026-01-16,127044.SZ,-0.18812805486589168
2026-01-16,127045.SZ,0.4349660002621857
2026-01-16,127046.SZ,-2.7946590011447836
2026-01-16,127047.SZ,0.9429914947695207
2026-01-16,127049.SZ,0.1266930190157827
2026-01-16,127050.SZ,0.34227831532471925
2026-01-16,127053.SZ,0.7571250155533891
2026-01-16,127054.SZ,0.2330375073634523
2026-01-16,127055.SZ,0.7582970909125778
2026-01-16,127056.SZ,0.035320580490599496
2026-01-16,127059.SZ,0.02355673032439561
2026-01-16,127060.SZ,-0.8205749209440378
2026-01-16,127061.SZ,0.34842792914566734
2026-01-16,127062.SZ,-0.6261069433380717
2026-01-16,127064.SZ,0.3080032787890391
2026-01-16,127066.SZ,0.14180625196070076
2026-01-16,127067.SZ,0.04053435483351492
2026-01-16,127068.SZ,-0.8318945628125686
2026-01-16,127069.SZ,-0.19628782292665717
2026-01-16,127070.SZ,0.5376966773493248
2026-01-16,127071.SZ,-0.16090900034076844
2026-01-16,127072.SZ,0.5097712741844864
2026-01-16,127075.SZ,0.4268651897950193
2026-01-16,127076.SZ,0.591593474153408
2026-01-16,127078.SZ,0.6574243380520957
2026-01-16,127079.SZ,0.6070550648988822
2026-01-16,127080.SZ,-2.5050020857589304
2026-01-16,127082.SZ,0.5144995217000511
2026-01-16,127083.SZ,-0.19655788758679693
2026-01-16,127084.SZ,0.44283373084015715
2026-01-16,127085.SZ,-1.4160308512456659
2026-01-16,127088.SZ,0.09328584566499551
2026-01-16,127089.SZ,0.4350671530450645
2026-01-16,127090.SZ,-0.05195402363282588
2026-01-16,127092.SZ,0.5175236155676086
2026-01-16,127093.SZ,-0.008028771401483883
2026-01-16,127094.SZ,0.31262192211152495
2026-01-16,127095.SZ,0.5753950335266886
2026-01-16,127096.SZ,0.3289534260013863
2026-01-16,127098.SZ,-1.7426244752205597
2026-01-16,127099.SZ,0.3701691515472292
2026-01-16,127102.SZ,0.2820311448335906
2026-01-16,127103.SZ,0.21293299695873175
2026-01-16,127104.SZ,0.3726309932993659
2026-01-16,127105.SZ,0.5614389104191735
2026-01-16,127108.SZ,0.1426513200180344
2026-01-16,127109.SZ,0.45193811258474137
2026-01-16,127110.SZ,0.1977851532278027
2026-01-16,127111.SZ,-0.08336898465999965
2026-01-16,128097.SZ,0.023797497887662982
2026-01-16,128101.SZ,0.5718455553738546
2026-01-16,128108.SZ,-0.5762237530633586
2026-01-16,128119.SZ,-2.758371530790716
2026-01-16,128121.SZ,-0.16472529931597168
2026-01-16,128124.SZ,-5.160689959520589
2026-01-16,128125.SZ,0.6007946534787328
2026-01-16,128127.SZ,0.75846801457987
2026-01-16,128128.SZ,0.3592796791435598
2026-01-16,128129.SZ,0.13610751184382547
2026-01-16,128134.SZ,-1.2203013511800112
2026-01-16,128135.SZ,-3.258856637119448
2026-01-16,128136.SZ,0.2594001553123395
2026-01-16,128137.SZ,0.5636497882659518
2026-01-16,128138.SZ,0.21320713644492087
2026-01-16,128141.SZ,0.7658990652270083
2026-01-16,128142.SZ,0.3316849494450762
2026-01-19,110067.SH,0.5445874651887721
2026-01-19,110070.SH,0.7467126788838878
2026-01-19,110073.SH,0.20053251827416219
2026-01-19,110074.SH,-2.8371023950465117
2026-01-19,110075.SH,0.8264935522338811
2026-01-19,110076.SH,-2.0843431675014887
2026-01-19,110077.SH,0.8792075592436105
2026-01-19,110081.SH,0.404801412768077
2026-01-19,110084.SH,0.2577789601192531
2026-01-19,110085.SH,-1.5860592664516715
2026-01-19,110086.SH,0.4639406880997129
2026-01-19,110087.SH,0.17726176771656296
2026-01-19,110089.SH,1.0572995693059422
2026-01-19,110090.SH,0.4730808000254148
2026-01-19,110092.SH,0.4098162298527349
2026-01-19,110093.SH,0.3868598491065965
2026-01-19,110094.SH,0.9406774663768914
2026-01-19,110095.SH,0.6599722122849455
2026-01-19,110097.SH,0.5264299468398776
2026-01-19,110098.SH,0.5973856681449685
2026-01-19,110099.SH,-0.16460297071587782
2026-01-19,111000.SH,0.5916432955582138
2026-01-19,111001.SH,-1.1459518844403733
2026-01-19,111002.SH,0.053485449210366985
2026-01-19,111003.SH,0.017606370057371295
2026-01-19,111004.SH,0.35148168822138776
2026-01-19,111005.SH,0.5160864631703078
2026-01-19,111009.SH,-0.9518839879798197
2026-01-19,111010.SH,0.7371208051763867
2026-01-19,111012.SH,0.26816876428260905
2026-01-19,111013.SH,0.48347238354080707
2026-01-19,111014.SH,-1.1291789285580187
2026-01-19,111015.SH,0.39165809324444195
2026-01-19,111016.SH,1.0588967815313266
2026-01-19,111017.SH,0.35564526073129205
2026-01-19,111018.SH,0.5504533529454717
2026-01-19,111019.SH,0.5810801425057768
2026-01-19,111020.SH,0.19939250664865188
2026-01-19,111021.SH,0.5327913508406251
2026-01-19,111022.SH,-0.11628279226304254
2026-01-19,111023.SH,0.29882826487720365
2026-01-19,111024.SH,-0.5800968746926605
2026-01-19,113033.SH,0.9640880858689839
2026-01-19,113037.SH,0.008828909486584817
2026-01-19,113039.SH,0.5491634015229024
2026-01-19,113042.SH,0.796406674740315
2026-01-19,113043.SH,0.5566236916504985
2026-01-19,113045.SH,1.1038029286796787
2026-01-19,113046.SH,0.4958130127542193
2026-01-19,113048.SH,0.2610822112252362
2026-01-19,113049.SH,-1.5636476699367619
2026-01-19,113051.SH,0.3380089340115955
2026-01-19,113052.SH,0.3876088262585442
2026-01-19,113053.SH,0.46689785935089606
2026-01-19,113054.SH,-0.23326225067112555
2026-01-19,113056.SH,0.6528319401057978
2026-01-19,113058.SH,0.7412149554285643
2026-01-19,113059.SH,-3.9561812202736353
2026-01-19,113062.SH,0.8674178063978689
2026-01-19,113066.SH,0.553430806240183
2026-01-19,113067.SH,0.09326660120234147
2026-01-19,113070.SH,0.22083409745127622
2026-01-19,113574.SH,0.6530968896410213
2026-01-19,113575.SH,-2.7914964860111864
2026-01-19,113579.SH,-0.37994049165119065
2026-01-19,113584.SH,0.6564508075708624
2026-01-19,113588.SH,-0.25064208161840673
2026-01-19,113589.SH,-4.400938440307006
2026-01-19,113597.SH,0.5165745494545507
2026-01-19,113601.SH,0.5808083250813508
2026-01-19,113605.SH,0.6462975045821028
2026-01-19,113610.SH,-0.8159379351694929
2026-01-19,113615.SH,0.5507159681371063
2026-01-19,113616.SH,-0.22528724374035555
2026-01-19,113618.SH,-0.5532206455886111
2026-01-19,113623.SH,0.9889384905860976
2026-01-19,113624.SH,0.26073686289029935
2026-01-19,113625.SH,-0.36783982258634734
2026-01-19,113627.SH,0.03413303572799395
2026-01-19,113631.SH,0.7833231759419834
2026-01-19,113632.SH,0.5818917948345377
2026-01-19,113633.SH,-2.600155450092635
2026-01-19,113634.SH,-0.7359068891604785
2026-01-19,113636.SH,0.283008322959976
2026-01-19,113638.SH,-1.7602371857758607
2026-01-19,113639.SH,0.8067759395569032
2026-01-19,113640.SH,0.6216414774218841
2026-01-19,113643.SH,0.23840211788629617
2026-01-19,113644.SH,0.3050199726728079
2026-01-19,113646.SH,0.6151463748245812
2026-01-19,113647.SH,0.3532177786581418
2026-01-19,113648.SH,-0.6913663166671762
2026-01-19,113649.SH,0.6291685681521437
2026-01-19,113650.SH,-2.8695073776735325
2026-01-19,113651.SH,-0.9037005096226558
2026-01-19,113652.SH,0.05121894053076889
2026-01-19,113653.SH,0.6391335039991473
2026-01-19,113654.SH,-0.07062432292037912
2026-01-19,113655.SH,0.4125337276811869
2026-01-19,113656.SH,0.29396139296086515
2026-01-19,113658.SH,0.5037014025442892
2026-01-19,113659.SH,0.5847278714464733
2026-01-19,113660.SH,-1.669770049475679
2026-01-19,113661.SH,0.5094475967071956
2026-01-19,113665.SH,-0.07184127870852822
2026-01-19,113666.SH,-0.31833794103544777
2026-01-19,113667.SH,0.3672808027759819
2026-01-19,113670.SH,-2.0510856654320575
2026-01-19,113671.SH,0.13428557839197153
2026-01-19,113672.SH,1.115862699325377
2026-01-19,113673.SH,0.3610460217333048
2026-01-19,113674.SH,-0.09055619955873867
2026-01-19,113676.SH,0.810361310901733
2026-01-19,113677.SH,-0.005387927419939126
2026-01-19,113678.SH,0.6134747203879735
2026-01-19,113679.SH,-0.39145294351655807
2026-01-19,113680.SH,0.05951968889252626
2026-01-19,113681.SH,0.7294240113978926
2026-01-19,113682.SH,-0.927535381826363
2026-01-19,113686.SH,0.7233574018436482
2026-01-19,113687.SH,-0.3500684727932157
2026-01-19,113688.SH,0.12298942875756799
2026-01-19,113691.SH,0.5530182911293695
2026-01-19,113692.SH,0.28186542686926486
2026-01-19,113693.SH,-0.2154810520402293
2026-01-19,113694.SH,0.22405920682584435
2026-01-19,113695.SH,-0.8040292203774846
2026-01-19,113696.SH,0.09619503405821694
2026-01-19,113697.SH,-0.07790629207496629
2026-01-19,113698.SH,-1.8696187434100686
2026-01-19,113699.SH,-0.16134777199298794
2026-01-19,118000.SH,1.0451589172034894
2026-01-19,118003.SH,0.4441562331392507
2026-01-19,118004.SH,0.29277536542579624
2026-01-19,118005.SH,-2.5136798791984507
2026-01-19,118006.SH,0.5174910092399658
2026-01-19,118007.SH,0.5259652179512454
2026-01-19,118008.SH,0.6444653192174055
2026-01-19,118009.SH,1.0942516743782942
2026-01-19,118010.SH,-4.44190674448971
2026-01-19,118011.SH,0.22477003452103686
2026-01-19,118012.SH,0.5662631947263799
2026-01-19,118013.SH,0.36441475607141793
2026-01-19,118015.SH,-1.168473617913921
2026-01-19,118016.SH,0.6212985652928567
2026-01-19,118018.SH,-0.17267595297405644
2026-01-19,118020.SH,-2.6943472787270726
2026-01-19,118021.SH,0.5404855716596703
2026-01-19,118022.SH,-1.625104140504031
2026-01-19,118024.SH,0.03147147675944248
2026-01-19,118025.SH,0.045191854492505505
2026-01-19,118027.SH,-0.04916049529964962
2026-01-19,118029.SH,1.1559457386917227
2026-01-19,118030.SH,-0.5637974087958055
2026-01-19,118031.SH,0.7974648996085241
2026-01-19,118032.SH,-0.6149673361756234
2026-01-19,118033.SH,-0.4270381162342143
2026-01-19,118034.SH,0.1390294873902083
2026-01-19,118035.SH,0.27705622399972063
2026-01-19,118036.SH,0.24170880334566225
2026-01-19,118037.SH,0.38039467679003125
2026-01-19,118038.SH,-0.35675751549200585
2026-01-19,118039.SH,0.8585978205250777
2026-01-19,118040.SH,-0.7499239232372416
2026-01-19,118041.SH,0.4759535330739585
2026-01-19,118042.SH,-0.7105614756338089
2026-01-19,118043.SH,1.0220292267653135
2026-01-19,118044.SH,0.09379670231993796
2026-01-19,118045.SH,-2.8617333023999745
2026-01-19,118048.SH,-1.5622735559624041
2026-01-19,118049.SH,0.721395377321569
2026-01-19,118050.SH,0.5154893730427826
2026-01-19,118051.SH,0.42568748141411916
2026-01-19,118052.SH,0.41508781876092676
2026-01-19,118053.SH,0.3925133285881913
2026-01-19,118054.SH,-1.8091851397138967
2026-01-19,118055.SH,0.016534445168457187
2026-01-19,118056.SH,-0.47033339109052846
2026-01-19,118057.SH,0.2957090756666206
2026-01-19,118058.SH,-0.2991388988059431
2026-01-19,118059.SH,-0.0812862244052017
2026-01-19,118060.SH,0.0124257613837548
2026-01-19,118061.SH,-1.1600765026913176
2026-01-19,118062.SH,-0.6807334426255552
2026-01-19,118063.SH,-0.8298733694298376
2026-01-19,123049.SZ,1.022891859067999
2026-01-19,123054.SZ,0.5449153740014536
2026-01-19,123059.SZ,0.5918189715117061
2026-01-19,123061.SZ,0.6516468105770541
2026-01-19,123064.SZ,0.4847806422326318
2026-01-19,123065.SZ,-2.057122876542227
2026-01-19,123071.SZ,0.19610002385443684
2026-01-19,123072.SZ,-3.5403432306179416
2026-01-19,123076.SZ,0.8105860636743459
2026-01-19,123080.SZ,0.3738176699701482
2026-01-19,123085.SZ,0.7104069584020096
2026-01-19,123088.SZ,0.6811549586022575
2026-01-19,123090.SZ,-1.7530029291057274
2026-01-19,123091.SZ,0.30998590352793426
2026-01-19,123092.SZ,0.5949183155813536
2026-01-19,123104.SZ,-0.9770724748037963
2026-01-19,123107.SZ,0.32003090398284834
2026-01-19,123108.SZ,0.08292954548582468
2026-01-19,123109.SZ,-1.2013603994094038
2026-01-19,123112.SZ,0.3939101945388143
2026-01-19,123113.SZ,-0.3414370894920158
2026-01-19,123114.SZ,-0.117607920622919
2026-01-19,123117.SZ,-0.12934985784934294
2026-01-19,123118.SZ,0.8766458445803179
2026-01-19,123119.SZ,0.5364514853606626
2026-01-19,123121.SZ,0.09198817388795255
2026-01-19,123122.SZ,-1.9882071106478283
2026-01-19,123124.SZ,0.2310660219315629
2026-01-19,123126.SZ,0.054947825835978244
2026-01-19,123128.SZ,1.0401641834967532
2026-01-19,123129.SZ,0.051597117922379594
2026-01-19,123131.SZ,0.24872145197139828
2026-01-19,123133.SZ,0.5654445032159217
2026-01-19,123138.SZ,-0.6296537175162352
2026-01-19,123142.SZ,-0.9780678289313944
2026-01-19,123144.SZ,-0.602509376508117
2026-01-19,123146.SZ,0.9396154297169059
2026-01-19,123149.SZ,0.5690590921728821
2026-01-19,123150.SZ,-0.05392835884806076
2026-01-19,123151.SZ,-1.5440036248410671
2026-01-19,123154.SZ,-4.668064710317093
2026-01-19,123155.SZ,0.2103987218710671
2026-01-19,123157.SZ,0.38848337041053077
2026-01-19,123158.SZ,-0.09982298974154108
2026-01-19,123159.SZ,1.1110751603253837
2026-01-19,123160.SZ,-1.569599860879383
2026-01-19,123165.SZ,-0.42881517356034615
2026-01-19,123168.SZ,-0.08412820832039812
2026-01-19,123171.SZ,-0.460048971552017
2026-01-19,123172.SZ,0.6258830248973132
2026-01-19,123173.SZ,0.6269478012826379
2026-01-19,123175.SZ,-1.087481857435076
2026-01-19,123176.SZ,0.6062842210052641
2026-01-19,123178.SZ,0.6385481200646201
2026-01-19,123179.SZ,-3.019390341813518
2026-01-19,123180.SZ,-0.33911680419035745
2026-01-19,123182.SZ,1.0426085902681288
2026-01-19,123183.SZ,0.18692551752274683
2026-01-19,123187.SZ,-0.3598023617450935
2026-01-19,123188.SZ,0.6314070083806845
2026-01-19,123189.SZ,0.31905339380550324
2026-01-19,123192.SZ,-0.32805472239472006
2026-01-19,123193.SZ,-0.20169153793382286
2026-01-19,123194.SZ,0.357935413911692
2026-01-19,123195.SZ,-1.2688119148095343
2026-01-19,123196.SZ,-0.1543527529212047
2026-01-19,123197.SZ,-0.04091726026978113
2026-01-19,123198.SZ,0.7131584526483669
2026-01-19,123199.SZ,0.5246022403305175
2026-01-19,123207.SZ,0.5460975926742171
2026-01-19,123209.SZ,-0.0972089259606509
2026-01-19,123210.SZ,0.36213302562942534
2026-01-19,123211.SZ,0.34027735836242595
2026-01-19,123213.SZ,0.1274246118245509
2026-01-19,123214.SZ,0.06291952127264261
2026-01-19,123215.SZ,0.2935229654354897
2026-01-19,123216.SZ,0.32598037009603364
2026-01-19,123220.SZ,0.47360103813179
2026-01-19,123221.SZ,0.7223073008566624
2026-01-19,123222.SZ,0.47528165852110915
2026-01-19,123223.SZ,0.24691654474160038
2026-01-19,123224.SZ,0.6783607961117036
2026-01-19,123225.SZ,0.5454618896473871
2026-01-19,123229.SZ,-0.013658112858099194
2026-01-19,123235.SZ,0.7185082309353711
2026-01-19,123236.SZ,0.43553935740338173
2026-01-19,123237.SZ,-0.036575319337190645
2026-01-19,123239.SZ,0.681169896061281
2026-01-19,123241.SZ,-0.09277291380121899
2026-01-19,123242.SZ,1.0522534955287184
2026-01-19,123243.SZ,0.9405927969520593
2026-01-19,123245.SZ,0.10141945475217533
2026-01-19,123246.SZ,1.0270166227728805
2026-01-19,123247.SZ,-1.2459564234524183
2026-01-19,123250.SZ,-1.060923698531064
2026-01-19,123251.SZ,0.2168580448786185
2026-01-19,123252.SZ,-2.2831473626123486
2026-01-19,123253.SZ,0.30896029080014964
2026-01-19,123254.SZ,0.3931517194464175
2026-01-19,123255.SZ,-2.8647816723971475
2026-01-19,123256.SZ,0.8702724572591737
2026-01-19,123257.SZ,0.36561371379703866
2026-01-19,123258.SZ,0.20887718926363846
2026-01-19,123259.SZ,-0.07849480890153539
2026-01-19,123260.SZ,-0.2503118473416482
2026-01-19,123261.SZ,-0.6409885806608672
2026-01-19,123262.SZ,-0.26106114779833783
2026-01-19,123263.SZ,-0.45248275546556155
2026-01-19,123264.SZ,-0.43401791197957773
2026-01-19,127016.SZ,0.5947838946474626
2026-01-19,127017.SZ,-0.874579778689109
2026-01-19,127018.SZ,0.6174224756443701
2026-01-19,127022.SZ,0.7106031465599983
2026-01-19,127024.SZ,0.5440974800551448
2026-01-19,127025.SZ,-3.4814377064021973
2026-01-19,127026.SZ,0.6569930111273489
2026-01-19,127027.SZ,0.020722438363437422
2026-01-19,127028.SZ,1.1206819238445112
2026-01-19,127030.SZ,0.3316199870951285
2026-01-19,127031.SZ,0.43943193430340854
2026-01-19,127034.SZ,-0.22392269375551993
2026-01-19,127037.SZ,-0.286198530951004
2026-01-19,127038.SZ,0.2751816163972772
2026-01-19,127039.SZ,1.069360578783968
2026-01-19,127040.SZ,0.7301624031123678
2026-01-19,127041.SZ,0.5271754618402349
2026-01-19,127042.SZ,1.110359496419375
2026-01-19,127044.SZ,-0.21755578648039528
2026-01-19,127045.SZ,0.43327945207134094
2026-01-19,127046.SZ,-2.842590910342544
2026-01-19,127047.SZ,0.9674622124783085
2026-01-19,127049.SZ,0.08814996162985801
2026-01-19,127050.SZ,0.3175477360538471
2026-01-19,127053.SZ,0.8175287897446846
2026-01-19,127054.SZ,0.532193017321817
2026-01-19,127055.SZ,0.7773224150906755
2026-01-19,127056.SZ,0.24269660220448044
2026-01-19,127059.SZ,-0.0019449770270621868
2026-01-19,127060.SZ,-0.8448372012877415
2026-01-19,127061.SZ,0.23817710679378293
2026-01-19,127062.SZ,-0.688663327471173
2026-01-19,127064.SZ,0.5157902500271808
2026-01-19,127066.SZ,0.40272564809464745
2026-01-19,127067.SZ,0.3132647876539528
2026-01-19,127068.SZ,-0.8023342220884846
2026-01-19,127069.SZ,-0.20564660543356114
2026-01-19,127070.SZ,0.518891818894074
2026-01-19,127071.SZ,0.9593787838952
2026-01-19,127072.SZ,0.4280128898571064
2026-01-19,127075.SZ,0.49569149476608515
2026-01-19,127076.SZ,0.58158073703743
2026-01-19,127078.SZ,0.6404170534087356
2026-01-19,127079.SZ,0.6119298658052085
2026-01-19,127080.SZ,0.21416543584843817
2026-01-19,127082.SZ,0.5289164255249188
2026-01-19,127083.SZ,-0.19441030093004613
2026-01-19,127084.SZ,0.41367250047436993
2026-01-19,127085.SZ,-1.4442359786672887
2026-01-19,127088.SZ,-0.10588698784621156
2026-01-19,127089.SZ,0.44572047336576964
2026-01-19,127090.SZ,0.004075911388709358
2026-01-19,127092.SZ,0.5247853492779737
2026-01-19,127093.SZ,0.04316686393502083
2026-01-19,127094.SZ,0.5238262657422065
2026-01-19,127095.SZ,0.5059969561412742
2026-01-19,127096.SZ,0.3181762290466706
2026-01-19,127098.SZ,-1.6643222604926255
2026-01-19,127099.SZ,0.3510317062021902
2026-01-19,127102.SZ,0.42613436282492956
2026-01-19,127103.SZ,0.23374439796077018
2026-01-19,127104.SZ,0.2816555711560037
2026-01-19,127105.SZ,0.6171049045927489
2026-01-19,127108.SZ,0.12977682431302057
2026-01-19,127109.SZ,-0.7221946910530858
2026-01-19,127110.SZ,0.5537519488146813
2026-01-19,127111.SZ,0.25487149042074786
2026-01-19,128097.SZ,0.006626742082596012
2026-01-19,128101.SZ,0.5964119661889143
2026-01-19,128108.SZ,-0.5663379502152593
2026-01-19,128119.SZ,-2.844095305438175
2026-01-19,128121.SZ,-0.21381899170725002
2026-01-19,128124.SZ,-5.223779043636306
2026-01-19,128125.SZ,0.6729756158085767
2026-01-19,128127.SZ,0.7847616270398828
2026-01-19,128128.SZ,0.5196430125839967
2026-01-19,128129.SZ,0.13157351236680065
2026-01-19,128134.SZ,-0.315869731139769
2026-01-19,128135.SZ,-3.290096313128167
2026-01-19,128136.SZ,0.25508035448379246
2026-01-19,128137.SZ,0.6231904704812976
2026-01-19,128138.SZ,-0.5327194238172109
2026-01-19,128141.SZ,0.763348338791198
2026-01-19,128142.SZ,0.6006141415929352
2026-01-20,110067.SH,0.9135225362867886
2026-01-20,110070.SH,0.7662286168782463
2026-01-20,110073.SH,0.4336293261924161
2026-01-20,110074.SH,-1.365330875841326
2026-01-20,110075.SH,0.7106240060353342
2026-01-20,110076.SH,-2.1298899532931914
2026-01-20,110077.SH,0.8932302150675729
2026-01-20,110081.SH,0.3959478957853456
2026-01-20,110084.SH,0.274586871329809
2026-01-20,110085.SH,-1.795001475760904
2026-01-20,110086.SH,0.15943321860164755
2026-01-20,110087.SH,0.30898690394390155
2026-01-20,110089.SH,1.0760167868141004
2026-01-20,110090.SH,0.472649053337418
2026-01-20,110092.SH,0.4538467752599843
2026-01-20,110093.SH,0.4794514692843944
2026-01-20,110094.SH,0.9277733985235074
2026-01-20,110095.SH,0.7643795327614982
2026-01-20,110097.SH,0.5852355669835615
2026-01-20,110098.SH,0.4432188532881693
2026-01-20,110099.SH,-0.15591282268066012
2026-01-20,111000.SH,0.6982034964827893
2026-01-20,111001.SH,-1.0953242816788011
2026-01-20,111002.SH,0.36847403324534694
2026-01-20,111003.SH,0.06880637510742749
2026-01-20,111004.SH,0.3923920317766815
2026-01-20,111005.SH,0.5661701631350626
2026-01-20,111009.SH,-0.009582457929845745
2026-01-20,111010.SH,0.5200884031377094
2026-01-20,111012.SH,-0.7884784332076801
2026-01-20,111013.SH,0.19112951155059268
2026-01-20,111014.SH,-1.1271034541099398
2026-01-20,111015.SH,0.42631938601963
2026-01-20,111016.SH,1.0529470538322758
2026-01-20,111017.SH,0.3922854306006091
2026-01-20,111018.SH,0.23831917740286587
2026-01-20,111019.SH,0.5872758078385671
2026-01-20,111020.SH,0.217773911210156
2026-01-20,111021.SH,0.3604149444776904
2026-01-20,111022.SH,-0.12322065846606775
2026-01-20,111023.SH,0.5487441968426083
2026-01-20,111024.SH,-1.3621335037051143
2026-01-20,113033.SH,0.9664859046734644
2026-01-20,113037.SH,0.008882484501388002
2026-01-20,113039.SH,0.5112431270666161
2026-01-20,113042.SH,0.7893554844137088
2026-01-20,113043.SH,0.4373807864558192
2026-01-20,113045.SH,1.0861475268995995
2026-01-20,113046.SH,0.41178299614906505
2026-01-20,113048.SH,0.24934232438394988
2026-01-20,113049.SH,-1.5408916298280628
2026-01-20,113051.SH,0.29403809064423825
2026-01-20,113052.SH,0.3733405124471447
2026-01-20,113053.SH,0.4342260153879224
2026-01-20,113054.SH,-0.20879762500881913
2026-01-20,113056.SH,0.6261805538104543
2026-01-20,113058.SH,0.7594539149980223
2026-01-20,113059.SH,-3.9345111234586283
2026-01-20,113062.SH,0.8934405389218845
2026-01-20,113066.SH,0.4604843354882308
2026-01-20,113067.SH,0.09937665101563131
2026-01-20,113070.SH,0.4431142828735485
2026-01-20,113574.SH,0.8307649495212789
2026-01-20,113575.SH,-1.8380691491330803
2026-01-20,113579.SH,-3.222237767991086
2026-01-20,113584.SH,0.6530540886395504
2026-01-20,113588.SH,-0.005638336940117894
2026-01-20,113589.SH,-4.473191926016354
2026-01-20,113597.SH,0.272578357135572
2026-01-20,113601.SH,0.24434912591459487
2026-01-20,113605.SH,0.72596305229631
2026-01-20,113610.SH,-0.8553923679745423
2026-01-20,113615.SH,0.5579444564561358
2026-01-20,113616.SH,0.22447130869208637
2026-01-20,113618.SH,-0.043199302807475526
2026-01-20,113623.SH,1.0630475092178788
2026-01-20,113624.SH,0.25832524531651246
2026-01-20,113625.SH,-0.521063334962383
2026-01-20,113627.SH,-0.34590137181776864
2026-01-20,113631.SH,0.7941497555953665
2026-01-20,113632.SH,0.6421984492142512
2026-01-20,113633.SH,-2.711263837479809
2026-01-20,113634.SH,-0.7889104368756356
2026-01-20,113636.SH,-0.6984580932416801
2026-01-20,113638.SH,-1.73043396342285
2026-01-20,113639.SH,0.8981094624079651
2026-01-20,113640.SH,0.6581015466852768
2026-01-20,113643.SH,-0.18008097949114524
2026-01-20,113644.SH,0.45985180552199856
2026-01-20,113646.SH,0.7281498640328273
2026-01-20,113647.SH,-0.5774848919438403
2026-01-20,113648.SH,-0.7371577791912017
2026-01-20,113649.SH,0.6018236968939821
2026-01-20,113650.SH,-2.946312488460142
2026-01-20,113651.SH,0.20331900887362475
2026-01-20,113652.SH,0.0658048517277748
2026-01-20,113653.SH,0.661860792288771
2026-01-20,113654.SH,0.2544694437308679
2026-01-20,113655.SH,0.39327754479090016
2026-01-20,113656.SH,0.4818812237772415
2026-01-20,113658.SH,0.4332576059280478
2026-01-20,113659.SH,0.5065421772685046
2026-01-20,113660.SH,-1.6965493270553147
2026-01-20,113661.SH,0.32606295133164404
2026-01-20,113665.SH,-0.05988419982755063
2026-01-20,113666.SH,-0.27391703488108404
2026-01-20,113667.SH,0.5002350502928861
2026-01-20,113670.SH,-2.078050722972233
2026-01-20,113671.SH,0.12432103594790227
2026-01-20,113672.SH,1.1124888057091133
2026-01-20,113673.SH,0.5188629462351588
2026-01-20,113674.SH,-0.09860161635616473
2026-01-20,113676.SH,0.9529328241762877
2026-01-20,113677.SH,0.1874110666928909
2026-01-20,113678.SH,0.41186800087330355
2026-01-20,113679.SH,-0.3819055743421799
2026-01-20,113680.SH,0.09125577971158493
2026-01-20,113681.SH,0.735797669940811
2026-01-20,113682.SH,-0.8804874265455144
2026-01-20,113686.SH,0.7401256970405995
2026-01-20,113687.SH,-0.5410263757642138
2026-01-20,113688.SH,0.15318525763591284
2026-01-20,113691.SH,0.5308337962971014
2026-01-20,113692.SH,0.2940321322650354
2026-01-20,113693.SH,-0.247622344196171
2026-01-20,113694.SH,0.26647315998676024
2026-01-20,113695.SH,0.28737840706145035
2026-01-20,113696.SH,0.08337392048395591
2026-01-20,113697.SH,-0.023460099455296608
2026-01-20,113698.SH,0.4652686436503486
2026-01-20,113699.SH,0.043575018708275765
2026-01-20,118000.SH,0.9588464439902924
2026-01-20,118003.SH,0.5081571603214455
2026-01-20,118004.SH,0.3635284886414474
2026-01-20,118005.SH,-2.567507688664977
2026-01-20,118006.SH,0.48046601052837007
2026-01-20,118007.SH,0.5651508014484842
2026-01-20,118008.SH,0.5964720130730201
2026-01-20,118009.SH,1.1138343462174427
2026-01-20,118010.SH,-4.446961795925709
2026-01-20,118011.SH,0.1681636299637496
2026-01-20,118012.SH,0.6513153308137183
2026-01-20,118013.SH,0.2765539799981147
2026-01-20,118015.SH,-1.1499678945613976
2026-01-20,118016.SH,0.7486436559113366
2026-01-20,118018.SH,-0.7095907055796653
2026-01-20,118020.SH,-2.3960197288854905
2026-01-20,118021.SH,-0.2927489481032588
2026-01-20,118022.SH,-1.3217570081058265
2026-01-20,118024.SH,-0.03059913691845775
2026-01-20,118025.SH,0.10854186068494978
2026-01-20,118027.SH,-3.1409575539220613
2026-01-20,118029.SH,1.1148290970149932
2026-01-20,118030.SH,-0.2378530373619808
2026-01-20,118031.SH,0.540766102141906
2026-01-20,118032.SH,-2.623168669113815
2026-01-20,118033.SH,-0.4596321758100698
2026-01-20,118034.SH,0.0367399138943509
2026-01-20,118035.SH,0.41286984614855704
2026-01-20,118036.SH,0.25291037967755614
2026-01-20,118037.SH,0.3911952055934018
2026-01-20,118038.SH,0.6848334787722059
2026-01-20,118039.SH,0.8790209338205679
2026-01-20,118040.SH,0.08797563059587746
2026-01-20,118041.SH,0.5218789830492666
2026-01-20,118042.SH,-0.7499895903740763
2026-01-20,118043.SH,1.029723043042194
2026-01-20,118044.SH,0.1978949809823357
2026-01-20,118045.SH,-1.7733321546497016
2026-01-20,118048.SH,-0.31555540608647387
2026-01-20,118049.SH,0.682537840466333
2026-01-20,118050.SH,0.13864134019519175
2026-01-20,118051.SH,0.1705334143408777
2026-01-20,118052.SH,0.30224345432587074
2026-01-20,118053.SH,-0.1484937968778034
2026-01-20,118054.SH,-0.1956936800906718
2026-01-20,118055.SH,-0.26303921980616113
2026-01-20,118056.SH,0.4245501897468447
2026-01-20,118057.SH,0.3325698319680573
2026-01-20,118058.SH,-0.3143809497339061
2026-01-20,118059.SH,-0.44603853026359114
2026-01-20,118060.SH,0.14301593335731558
2026-01-20,118061.SH,-1.2343753201776446
2026-01-20,118062.SH,-0.7805374914041618
2026-01-20,118063.SH,-0.6019286843326985
2026-01-20,123049.SZ,0.7977142486596023
2026-01-20,123054.SZ,0.5444450103151801
2026-01-20,123059.SZ,0.5425753340946537
2026-01-20,123061.SZ,0.7171618212507728
2026-01-20,123064.SZ,0.4724521032362574
2026-01-20,123065.SZ,-2.0115593823299878
2026-01-20,123071.SZ,0.23427718590712932
2026-01-20,123072.SZ,-3.5844476649397534
2026-01-20,123076.SZ,0.907590097386107
2026-01-20,123080.SZ,0.2678083475785118
2026-01-20,123085.SZ,0.7330259667957543
2026-01-20,123088.SZ,0.6524966518111885
2026-01-20,123090.SZ,-1.9001314491717294
2026-01-20,123091.SZ,0.3888834331862262
2026-01-20,123092.SZ,0.6354718368470724
2026-01-20,123104.SZ,-2.36250228690921
2026-01-20,123107.SZ,0.3019621355880167
2026-01-20,123108.SZ,-0.718269455611497
2026-01-20,123109.SZ,-1.396486029010424
2026-01-20,123112.SZ,0.4036764689560717
2026-01-20,123113.SZ,-0.37821792834866386
2026-01-20,123114.SZ,-0.009067104418964272
2026-01-20,123117.SZ,-0.5668641027643404
2026-01-20,123118.SZ,0.8747185471216499
2026-01-20,123119.SZ,0.44092370982463347
2026-01-20,123121.SZ,0.20413106487040547
2026-01-20,123122.SZ,-2.17562659888354
2026-01-20,123124.SZ,0.020605033954171695
2026-01-20,123126.SZ,0.08899318365815452
2026-01-20,123128.SZ,1.0831245962041256
2026-01-20,123129.SZ,0.06956192031610081
2026-01-20,123131.SZ,0.022663139543681432
2026-01-20,123133.SZ,0.40233223465684315
2026-01-20,123138.SZ,-0.671966358494982
2026-01-20,123142.SZ,-0.9142717992700227
2026-01-20,123144.SZ,-0.5997939032587023
2026-01-20,123146.SZ,0.6728365052164359
2026-01-20,123149.SZ,0.5081342882992482
2026-01-20,123150.SZ,-0.07682672361830656
2026-01-20,123151.SZ,-1.5893832639247876
2026-01-20,123154.SZ,-4.821050600329046
2026-01-20,123155.SZ,0.34879358293911855
2026-01-20,123157.SZ,0.3263897499240096
2026-01-20,123158.SZ,0.11709743681645095
2026-01-20,123159.SZ,1.1054311886132453
2026-01-20,123160.SZ,-0.40912308775093265
2026-01-20,123165.SZ,-0.38730002441666966
2026-01-20,123168.SZ,-0.08638290102278694
2026-01-20,123171.SZ,-0.38934704759032734
2026-01-20,123172.SZ,0.5753810175557422
2026-01-20,123173.SZ,0.5915896915231954
2026-01-20,123175.SZ,-0.8723438900946604
2026-01-20,123176.SZ,0.6118688802833686
2026-01-20,123178.SZ,0.6444615496522604
2026-01-20,123179.SZ,-0.9529809512475039
2026-01-20,123180.SZ,-0.3062087008718888
2026-01-20,123182.SZ,1.0276923958604132
2026-01-20,123183.SZ,0.11477477605696608
2026-01-20,123187.SZ,0.8489135397152511
2026-01-20,123188.SZ,0.6929892958112516
2026-01-20,123189.SZ,0.33398019915028604
2026-01-20,123192.SZ,-0.3732812078078298
2026-01-20,123193.SZ,-0.1103787604462468
2026-01-20,123194.SZ,0.4150068962491178
2026-01-20,123195.SZ,0.06052902479089796
2026-01-20,123196.SZ,-0.13346276497195228
2026-01-20,123197.SZ,-0.07748730258752888
2026-01-20,123198.SZ,0.7490016781502858
2026-01-20,123199.SZ,0.48801200469365125
2026-01-20,123207.SZ,1.1022616722297751
2026-01-20,123209.SZ,0.5924107178036393
2026-01-20,123210.SZ,0.6139463091022098
2026-01-20,123211.SZ,0.17296290051527097
2026-01-20,123213.SZ,0.9550754183158319
2026-01-20,123214.SZ,-0.1492219622347456
2026-01-20,123215.SZ,0.26076988821612423
2026-01-20,123216.SZ,0.21667581083149173
2026-01-20,123220.SZ,0.4746576373032219
2026-01-20,123221.SZ,0.745623531146524
2026-01-20,123222.SZ,0.40384110332739714
2026-01-20,123223.SZ,0.22430198146087357
2026-01-20,123224.SZ,0.4500793295660227
2026-01-20,123225.SZ,0.5481006711588706
2026-01-20,123229.SZ,0.08758216337137538
2026-01-20,123235.SZ,0.5265624175065928
2026-01-20,123236.SZ,0.5014078563175647
2026-01-20,123237.SZ,0.23479686550690776
2026-01-20,123239.SZ,0.6889178736856089
2026-01-20,123241.SZ,-0.27010322164346023
2026-01-20,123242.SZ,0.9266542917817346
2026-01-20,123243.SZ,1.0414923498776705
2026-01-20,123245.SZ,-0.37480784372445175
2026-01-20,123246.SZ,0.9651411624040299
2026-01-20,123247.SZ,0.28122909723210265
2026-01-20,123250.SZ,-1.1523577492459414
2026-01-20,123251.SZ,0.2181840726628844
2026-01-20,123252.SZ,-1.873924688378397
2026-01-20,123253.SZ,0.237478383191454
2026-01-20,123254.SZ,0.368220995199349
2026-01-20,123255.SZ,-1.4714919233035988
2026-01-20,123256.SZ,0.7969842293444415
2026-01-20,123257.SZ,-0.5159107754621448
2026-01-20,123258.SZ,-0.07133323113062673
2026-01-20,123259.SZ,-0.11352374912548793
2026-01-20,123260.SZ,-0.2094514794200774
2026-01-20,123261.SZ,-0.7654446564565895
2026-01-20,123262.SZ,-0.45226394702780587
2026-01-20,123263.SZ,-0.5419993269996808
2026-01-20,123264.SZ,-0.7468585345919121
2026-01-20,127016.SZ,0.41972796462751605
2026-01-20,127017.SZ,0.010962693925263611
2026-01-20,127018.SZ,0.5543143429230803
2026-01-20,127022.SZ,0.8077701784284147
2026-01-20,127024.SZ,0.2544828135445332
2026-01-20,127025.SZ,-3.623643250755547
2026-01-20,127026.SZ,0.7068601554088022
2026-01-20,127027.SZ,0.029424678683804904
2026-01-20,127030.SZ,-0.14342938230282196
2026-01-20,127031.SZ,0.0579651540272377
2026-01-20,127034.SZ,-0.19452175128672264
2026-01-20,127037.SZ,0.27583556988895985
2026-01-20,127038.SZ,0.03789710206824071
2026-01-20,127039.SZ,1.1128038681820756
2026-01-20,127040.SZ,0.761141392022113
2026-01-20,127041.SZ,0.5109143252090366
2026-01-20,127042.SZ,0.9914735880185261
2026-01-20,127044.SZ,-0.22953151747133008
2026-01-20,127045.SZ,0.40640513976796905
2026-01-20,127046.SZ,-2.7150080374895853
2026-01-20,127047.SZ,1.0069791124748282
2026-01-20,127049.SZ,0.06881418817297584
2026-01-20,127050.SZ,0.3903542004448454
2026-01-20,127053.SZ,0.756336574411418
2026-01-20,127054.SZ,0.2431866204832345
2026-01-20,127055.SZ,0.5619547021901923
2026-01-20,127056.SZ,0.010945569760080986
2026-01-20,127059.SZ,0.019190602944985535
2026-01-20,127060.SZ,-0.8336092267681022
2026-01-20,127061.SZ,0.4343229874661825
2026-01-20,127062.SZ,-0.01000295501619386
2026-01-20,127064.SZ,0.39385043842695655
2026-01-20,127066.SZ,0.16338989529184572
2026-01-20,127067.SZ,0.43112255877442013
2026-01-20,127068.SZ,-0.7922948972233852
2026-01-20,127069.SZ,-0.18104818022130226
2026-01-20,127070.SZ,0.552686674556098
2026-01-20,127071.SZ,0.5053872369593978
2026-01-20,127072.SZ,0.4017749855655087
2026-01-20,127075.SZ,0.2366432869372817
2026-01-20,127076.SZ,0.4681107237767702
2026-01-20,127078.SZ,0.6663318009069995
2026-01-20,127079.SZ,0.6307001582450499
2026-01-20,127080.SZ,-1.3674864114798317
2026-01-20,127082.SZ,0.3594855021736548
2026-01-20,127083.SZ,0.2567262109232823
2026-01-20,127084.SZ,0.39369250807102796
2026-01-20,127085.SZ,-1.4961214822161921
2026-01-20,127088.SZ,-0.06379951322955182
2026-01-20,127089.SZ,0.48899684354594375
2026-01-20,127090.SZ,-0.10995780955199419
2026-01-20,127092.SZ,0.4871244114204942
2026-01-20,127093.SZ,0.15768040693345153
2026-01-20,127094.SZ,0.3193871343181739
2026-01-20,127095.SZ,0.5309035091606006
2026-01-20,127096.SZ,0.32931485564470425
2026-01-20,127098.SZ,-1.6918697603839672
2026-01-20,127099.SZ,0.35620266201768097
2026-01-20,127102.SZ,0.223905276089751
2026-01-20,127103.SZ,0.31389662949664926
2026-01-20,127104.SZ,0.331884160022842
2026-01-20,127105.SZ,0.5383792583031193
2026-01-20,127108.SZ,0.09392211532249777
2026-01-20,127109.SZ,0.1656253866402113
2026-01-20,127110.SZ,0.2085252734817784
2026-01-20,127111.SZ,-0.157935729364065
2026-01-20,128097.SZ,0.09595573775834194
2026-01-20,128101.SZ,0.5654138533200135
2026-01-20,128108.SZ,-0.05440466189493898
2026-01-20,128119.SZ,-2.783541007145682
2026-01-20,128121.SZ,-0.20710874501939766
2026-01-20,128124.SZ,-5.262645984303816
2026-01-20,128125.SZ,0.6543418898678061
2026-01-20,128127.SZ,0.5775178276091268
2026-01-20,128128.SZ,0.3510453372731298
2026-01-20,128129.SZ,0.11846409109544455
2026-01-20,128134.SZ,-0.31579969779716044
2026-01-20,128135.SZ,-3.1112060032153366
2026-01-20,128136.SZ,0.302787829063223
2026-01-20,128137.SZ,0.7135916798215224
2026-01-20,128138.SZ,-0.3509902173407494
2026-01-20,128141.SZ,0.7722946277540292
2026-01-20,128142.SZ,0.388300646225683
2026-01-21,110067.SH,0.9100697517760993
2026-01-21,110070.SH,0.7851486932584028
2026-01-21,110073.SH,0.36822505919941706
2026-01-21,110074.SH,0.7472727217097599
2026-01-21,110075.SH,0.9894762521838689
2026-01-21,110076.SH,-2.28352743418115
2026-01-21,110077.SH,0.9036244734208496
2026-01-21,110081.SH,0.3591049729550116
2026-01-21,110084.SH,0.27371084071125806
2026-01-21,110085.SH,-1.9538870310532306
2026-01-21,110086.SH,0.20344435257024085
2026-01-21,110087.SH,0.4491296874817848
2026-01-21,110089.SH,1.0517869288707502
2026-01-21,110090.SH,0.42412047358663
2026-01-21,110092.SH,0.5212200270220997
2026-01-21,110093.SH,0.3790214403598149
2026-01-21,110094.SH,0.980301991324499
2026-01-21,110095.SH,0.4885077756729201
2026-01-21,110097.SH,0.5700519052509639
2026-01-21,110098.SH,0.4324367402875707
2026-01-21,110099.SH,-0.13633746866441396
2026-01-21,111000.SH,0.6635806414617479
2026-01-21,111001.SH,-1.1182435644668398
2026-01-21,111002.SH,0.0032084990999095356
2026-01-21,111003.SH,0.053874445334853506
2026-01-21,111004.SH,0.37082345606623546
2026-01-21,111005.SH,0.5305210963514058
2026-01-21,111009.SH,-0.8944668073943928
2026-01-21,111010.SH,0.7207189418245246
2026-01-21,111012.SH,-1.3255581848645033
2026-01-21,111013.SH,0.10746226383153057
2026-01-21,111014.SH,-1.1217133135914084
2026-01-21,111015.SH,0.38540103757333616
2026-01-21,111016.SH,1.0527559075967992
2026-01-21,111017.SH,0.45838116945061114
2026-01-21,111018.SH,0.26019510937624757
2026-01-21,111019.SH,0.7863068181656533
2026-01-21,111020.SH,0.15510333887979383
2026-01-21,111021.SH,-0.4894839179023203
2026-01-21,111022.SH,-0.11669143098547549
2026-01-21,111023.SH,0.5971900682249269
2026-01-21,111024.SH,-1.2548199535124525
2026-01-21,113033.SH,1.0474929606418328
2026-01-21,113037.SH,0.005106318859916949
2026-01-21,113039.SH,0.4763080667877366
2026-01-21,113042.SH,0.7881709817642392
2026-01-21,113043.SH,0.3900070489073829
2026-01-21,113045.SH,1.086327605181867
2026-01-21,113046.SH,0.38731888685943977
2026-01-21,113048.SH,0.19703802030526654
2026-01-21,113049.SH,-1.5962860433588582
2026-01-21,113051.SH,0.28959602821179203
2026-01-21,113052.SH,0.34732556617518473
2026-01-21,113053.SH,0.26898218618121905
2026-01-21,113054.SH,-0.1928839562227798
2026-01-21,113056.SH,0.6824069178657473
2026-01-21,113058.SH,0.7372728756370285
2026-01-21,113059.SH,-4.023232869503093
2026-01-21,113062.SH,0.9223122695112427
2026-01-21,113066.SH,0.35730082442372935
2026-01-21,113067.SH,0.09472803122793394
2026-01-21,113070.SH,0.38735867348350783
2026-01-21,113574.SH,0.7847635703509359
2026-01-21,113575.SH,-2.475809051268358
2026-01-21,113579.SH,-3.205471889727501
2026-01-21,113584.SH,0.6672020766203791
2026-01-21,113588.SH,0.3165983778709062
2026-01-21,113589.SH,-4.147202780612381
2026-01-21,113597.SH,0.19448090390167805
2026-01-21,113601.SH,0.16599733320227075
2026-01-21,113605.SH,0.6798319461776943
2026-01-21,113610.SH,-0.8406558932169627
2026-01-21,113615.SH,0.483265084785791
2026-01-21,113616.SH,-0.3007269744035786
2026-01-21,113618.SH,0.11397168050408951
2026-01-21,113623.SH,1.079214635054938
2026-01-21,113624.SH,0.24338959580397757
2026-01-21,113625.SH,-0.5135394603739544
2026-01-21,113627.SH,0.11406470526529065
2026-01-21,113631.SH,0.7895479237817749
2026-01-21,113632.SH,0.5094995223518219
2026-01-21,113633.SH,-0.5805504209515981
2026-01-21,113634.SH,-0.7349551976032019
2026-01-21,113636.SH,-0.7278323052108121
2026-01-21,113638.SH,-1.7317683468530451
2026-01-21,113639.SH,1.0436408927282976
2026-01-21,113640.SH,0.6587754848269958
2026-01-21,113643.SH,-0.09316845870535527
2026-01-21,113644.SH,0.45794713025375855
2026-01-21,113646.SH,0.6786091108435247
2026-01-21,113647.SH,-0.5717652074776912
2026-01-21,113648.SH,-0.7938528786066055
2026-01-21,113649.SH,0.5764667697055618
2026-01-21,113650.SH,-2.484783189140775
2026-01-21,113651.SH,0.7799169271424814
2026-01-21,113652.SH,0.0880659729425058
2026-01-21,113653.SH,0.641224483169795
2026-01-21,113654.SH,0.5503545306333365
2026-01-21,113655.SH,0.4447294263849469
2026-01-21,113656.SH,0.24715380133785197
2026-01-21,113658.SH,0.5263386697250368
2026-01-21,113659.SH,0.44401859432865487
2026-01-21,113660.SH,-1.7569572400336115
2026-01-21,113661.SH,0.27851503867301874
2026-01-21,113665.SH,-0.06363199659917257
2026-01-21,113666.SH,-0.24993571238125875
2026-01-21,113667.SH,0.37474006663891624
2026-01-21,113670.SH,-1.9998432498102918
2026-01-21,113671.SH,0.060956857760182066
2026-01-21,113672.SH,1.0877525048157974
2026-01-21,113673.SH,0.6620688860547976
2026-01-21,113674.SH,-0.1377895706444747
2026-01-21,113676.SH,0.985094133973393
2026-01-21,113677.SH,0.1016611890872312
2026-01-21,113678.SH,0.3284161028616627
2026-01-21,113679.SH,-0.4017446722885154
2026-01-21,113680.SH,0.059089674341673344
2026-01-21,113681.SH,0.724901416384543
2026-01-21,113682.SH,-0.9477006483646546
2026-01-21,113686.SH,0.7407104852495606
2026-01-21,113687.SH,0.46770790724926176
2026-01-21,113688.SH,0.16487415797488186
2026-01-21,113691.SH,0.5542098580350425
2026-01-21,113692.SH,0.33428871893451934
2026-01-21,113693.SH,-0.224354961615461
2026-01-21,113694.SH,0.19642981419270295
2026-01-21,113695.SH,0.471451285612398
2026-01-21,113696.SH,0.11703299638214644
2026-01-21,113697.SH,-0.027133710039633923
2026-01-21,113698.SH,0.3197235972079866
2026-01-21,113699.SH,0.19115455770348708
2026-01-21,118000.SH,0.8519453364075523
2026-01-21,118003.SH,0.4271036482344176
2026-01-21,118004.SH,0.309818755628702
2026-01-21,118005.SH,-2.74492905158717
2026-01-21,118006.SH,0.573017320481586
2026-01-21,118007.SH,0.40477159507720617
2026-01-21,118008.SH,0.7120441975273194
2026-01-21,118009.SH,1.092154922926866
2026-01-21,118010.SH,-4.435592731195609
2026-01-21,118011.SH,0.24271411481424315
2026-01-21,118012.SH,0.501211970454787
2026-01-21,118013.SH,0.42623877229516277
2026-01-21,118015.SH,-1.2110610132516608
2026-01-21,118016.SH,0.7817050200392003
2026-01-21,118018.SH,0.10657407837809699
2026-01-21,118020.SH,-2.5904327874840947
2026-01-21,118021.SH,0.24537664015121513
2026-01-21,118022.SH,-1.2020887927252266
2026-01-21,118024.SH,-0.10617792792395635
2026-01-21,118025.SH,0.05383590668059962
2026-01-21,118027.SH,-2.843555409875862
2026-01-21,118029.SH,1.0965351717250085
2026-01-21,118030.SH,-0.009422164147786183
2026-01-21,118031.SH,0.22624503499152387
2026-01-21,118032.SH,-2.676350642783045
2026-01-21,118033.SH,-0.4665971745447723
2026-01-21,118034.SH,0.1416625461149007
2026-01-21,118035.SH,0.09403790650825586
2026-01-21,118036.SH,0.25389483031094584
2026-01-21,118037.SH,0.41683161093260535
2026-01-21,118038.SH,0.6120605003640729
2026-01-21,118039.SH,0.8325935154696721
2026-01-21,118040.SH,0.25913505671601633
2026-01-21,118041.SH,0.514190197810349
2026-01-21,118042.SH,-0.8357224901027874
2026-01-21,118043.SH,1.086312601949552
2026-01-21,118044.SH,0.14377184808837004
2026-01-21,118045.SH,0.2850527570714633
2026-01-21,118048.SH,0.4295129132959086
2026-01-21,118049.SH,0.6666332719677617
2026-01-21,118050.SH,0.5464343729705875
2026-01-21,118051.SH,-0.1633510769271459
2026-01-21,118052.SH,0.07879864053496952
2026-01-21,118053.SH,-0.1385367843407901
2026-01-21,118054.SH,0.5406256774484467
2026-01-21,118055.SH,0.4339713658433239
2026-01-21,118056.SH,0.37325604084824204
2026-01-21,118057.SH,0.332221577328511
2026-01-21,118058.SH,-0.28684078785786965
2026-01-21,118059.SH,0.0906086133839242
2026-01-21,118060.SH,-0.4211248459801161
2026-01-21,118061.SH,-1.3390191957397353
2026-01-21,118062.SH,-0.75861431232458
2026-01-21,118063.SH,-0.7325220855510503
2026-01-21,123049.SZ,1.0802984628053558
2026-01-21,123054.SZ,0.3724329352288636
2026-01-21,123059.SZ,0.48535635801603755
2026-01-21,123061.SZ,0.83926504065089
2026-01-21,123064.SZ,0.4554975769598044
2026-01-21,123065.SZ,-2.339560696153575
2026-01-21,123071.SZ,0.20577668412417274
2026-01-21,123072.SZ,-3.501563747223095
2026-01-21,123076.SZ,0.874977167423838
2026-01-21,123080.SZ,0.29593096330573243
2026-01-21,123085.SZ,0.6901077942046473
2026-01-21,123088.SZ,0.6492385100413329
2026-01-21,123090.SZ,-0.5551459075042805
2026-01-21,123091.SZ,0.36649416073758534
2026-01-21,123092.SZ,0.6115427210814223
2026-01-21,123104.SZ,-4.7040080010866685
2026-01-21,123107.SZ,0.2592021638254137
2026-01-21,123108.SZ,-0.7964868697577925
2026-01-21,123109.SZ,-1.4030134220336243
2026-01-21,123112.SZ,0.37695886734384254
2026-01-21,123113.SZ,-0.36442796659622567
2026-01-21,123114.SZ,0.11081506732680532
2026-01-21,123117.SZ,-2.1008499469226525
2026-01-21,123118.SZ,0.8107556157968655
2026-01-21,123119.SZ,0.36850640091869047
2026-01-21,123121.SZ,0.2404027122233372
2026-01-21,123122.SZ,-2.140008575000128
2026-01-21,123124.SZ,0.1581926063441629
2026-01-21,123126.SZ,0.10532371653163987
2026-01-21,123128.SZ,1.0491555632439784
2026-01-21,123129.SZ,0.04358759653532425
2026-01-21,123131.SZ,0.1543339439488205
2026-01-21,123133.SZ,0.34896477715634044
2026-01-21,123138.SZ,-0.739296763946142
2026-01-21,123142.SZ,-0.9530010075331101
2026-01-21,123144.SZ,-0.5816897977205984
2026-01-21,123146.SZ,0.9196726353299204
2026-01-21,123149.SZ,0.45532973728583653
2026-01-21,123150.SZ,0.006197732731551532
2026-01-21,123151.SZ,-1.6541073263275272
2026-01-21,123154.SZ,-4.717795142657323
2026-01-21,123155.SZ,-0.06707288966670007
2026-01-21,123157.SZ,0.23844382448343227
2026-01-21,123158.SZ,0.18979352203129923
2026-01-21,123159.SZ,1.0728186324914462
2026-01-21,123160.SZ,0.8710851947470359
2026-01-21,123165.SZ,-0.40809065608868156
2026-01-21,123168.SZ,-0.10110925605069553
2026-01-21,123171.SZ,-0.4016225133825873
2026-01-21,123172.SZ,0.5708105990563513
2026-01-21,123173.SZ,0.47182975479579414
2026-01-21,123175.SZ,-0.5712785371336112
2026-01-21,123176.SZ,0.5280543588440808
2026-01-21,123178.SZ,0.6901871962951593
2026-01-21,123179.SZ,-2.6932266188201823
2026-01-21,123180.SZ,-0.32667362668336575
2026-01-21,123182.SZ,1.061747756952732
2026-01-21,123183.SZ,0.07308795372690081
2026-01-21,123187.SZ,0.8571566348551075
2026-01-21,123188.SZ,0.4219551505536002
2026-01-21,123189.SZ,0.3495794063779464
2026-01-21,123192.SZ,-0.39562716422902255
2026-01-21,123193.SZ,-0.17760695086798467
2026-01-21,123194.SZ,0.21801285390857628
2026-01-21,123195.SZ,0.11401281695689107
2026-01-21,123196.SZ,-0.195614161034964
2026-01-21,123197.SZ,-0.15507808763663256
2026-01-21,123198.SZ,0.7623459611202348
2026-01-21,123199.SZ,0.5061910783038271
2026-01-21,123207.SZ,1.0896267105139679
2026-01-21,123209.SZ,0.7159027844171962
2026-01-21,123210.SZ,0.5129635038173892
2026-01-21,123211.SZ,0.378931737219944
2026-01-21,123213.SZ,1.0084276114464201
2026-01-21,123214.SZ,0.025036435313029425
2026-01-21,123215.SZ,0.28600699620026965
2026-01-21,123216.SZ,-0.097723486680173
2026-01-21,123220.SZ,0.43217431575086296
2026-01-21,123221.SZ,0.717970186689957
2026-01-21,123222.SZ,0.4675510885705821
2026-01-21,123223.SZ,0.2217206622459037
2026-01-21,123224.SZ,0.4239829519460149
2026-01-21,123225.SZ,0.48765511204844586
2026-01-21,123229.SZ,-0.008359968915562567
2026-01-21,123235.SZ,0.30371263004766147
2026-01-21,123236.SZ,0.4510381404241557
2026-01-21,123237.SZ,0.3374528729345024
2026-01-21,123239.SZ,0.687740662821128
2026-01-21,123241.SZ,-0.01504773901464726
2026-01-21,123242.SZ,1.108870105536522
2026-01-21,123243.SZ,1.0630346316427264
2026-01-21,123245.SZ,-1.4939389504082572
2026-01-21,123246.SZ,0.9965717504955299
2026-01-21,123247.SZ,0.7505895624922013
2026-01-21,123250.SZ,-1.235493537408844
2026-01-21,123251.SZ,0.5132106497145699
2026-01-21,123252.SZ,0.45479396358522955
2026-01-21,123253.SZ,0.2962888490306009
2026-01-21,123254.SZ,0.3381451458418453
2026-01-21,123255.SZ,-0.5846293850440099
2026-01-21,123256.SZ,0.485775530274989
2026-01-21,123257.SZ,-0.41068686238349394
2026-01-21,123258.SZ,-0.8690119303923648
2026-01-21,123259.SZ,0.2943682683463276
2026-01-21,123260.SZ,-0.3419309073413629
2026-01-21,123261.SZ,-0.7585507283384261
2026-01-21,123262.SZ,-0.46209074041413806
2026-01-21,123263.SZ,-0.3732320358799696
2026-01-21,123264.SZ,-0.6193701041116982
2026-01-21,127016.SZ,0.4686907867336859
2026-01-21,127017.SZ,-0.7956142245268643
2026-01-21,127018.SZ,0.487396376870589
2026-01-21,127022.SZ,0.8741710193053768
2026-01-21,127024.SZ,0.2776784526870809
2026-01-21,127025.SZ,-3.4940899086153823
2026-01-21,127026.SZ,0.6248512352493435
2026-01-21,127027.SZ,0.039812342295224186
2026-01-21,127030.SZ,-0.13841328329267408
2026-01-21,127031.SZ,0.10249316262408187
2026-01-21,127034.SZ,-0.18904078000123964
2026-01-21,127037.SZ,-0.10090014515076069
2026-01-21,127038.SZ,0.08902444405892157
2026-01-21,127039.SZ,1.085857663681487
2026-01-21,127040.SZ,0.7296727558295237
2026-01-21,127041.SZ,0.5926539871320335
2026-01-21,127042.SZ,0.9326756923159593
2026-01-21,127044.SZ,-0.27461777911810115
2026-01-21,127045.SZ,0.3713918293160067
2026-01-21,127046.SZ,-2.7356903918696043
2026-01-21,127047.SZ,1.0014473695951491
2026-01-21,127049.SZ,0.08224177088472914
2026-01-21,127050.SZ,0.41963381842824476
2026-01-21,127053.SZ,0.8162892440709512
2026-01-21,127054.SZ,0.23729413722328677
2026-01-21,127055.SZ,0.7480685161599141
2026-01-21,127056.SZ,-0.7252179799964623
2026-01-21,127059.SZ,0.05153449233064023
2026-01-21,127060.SZ,-0.8079702251773636
2026-01-21,127061.SZ,0.39374279589869166
2026-01-21,127062.SZ,0.10428604078845771
2026-01-21,127064.SZ,0.36281913575873526
2026-01-21,127066.SZ,0.3254283681245578
2026-01-21,127067.SZ,0.5260997923824069
2026-01-21,127068.SZ,-0.7555910411789275
2026-01-21,127069.SZ,-0.19672118867177335
2026-01-21,127070.SZ,0.44486045301604543
2026-01-21,127071.SZ,1.0232022961205507
2026-01-21,127072.SZ,0.3693175576262385
2026-01-21,127075.SZ,0.23006267511462175
2026-01-21,127076.SZ,0.5106418854341361
2026-01-21,127078.SZ,0.7200221782943812
2026-01-21,127079.SZ,0.6433234257839725
2026-01-21,127080.SZ,-1.1174065756613183
2026-01-21,127082.SZ,0.449346070095506
2026-01-21,127083.SZ,-0.22209321236052026
2026-01-21,127084.SZ,0.4627811908792012
2026-01-21,127085.SZ,-1.4495555817230241
2026-01-21,127088.SZ,0.17825323047496952
2026-01-21,127089.SZ,0.2765818745858776
2026-01-21,127090.SZ,-0.24234357352640729
2026-01-21,127092.SZ,0.48241399887085834
2026-01-21,127093.SZ,0.08463986740587048
2026-01-21,127094.SZ,0.4341594574842349
2026-01-21,127095.SZ,0.529071654688896
2026-01-21,127096.SZ,0.3631066178220288
2026-01-21,127098.SZ,-1.791921290304552
2026-01-21,127099.SZ,0.34197367833344194
2026-01-21,127102.SZ,0.2509090892528937
2026-01-21,127103.SZ,0.4224806394680299
2026-01-21,127104.SZ,0.19232474472972
2026-01-21,127105.SZ,0.5187881612448366
2026-01-21,127108.SZ,0.09082927593971768
2026-01-21,127109.SZ,0.4693850577140518
2026-01-21,127110.SZ,0.21761473772424797
2026-01-21,127111.SZ,0.29390209410097273
2026-01-21,128097.SZ,0.06387469884360623
2026-01-21,128101.SZ,0.5061390223603945
2026-01-21,128108.SZ,0.144927721645847
2026-01-21,128119.SZ,-2.7359161114254267
2026-01-21,128121.SZ,-0.25880854248531016
2026-01-21,128124.SZ,-5.1889553560777895
2026-01-21,128125.SZ,0.6585816411481363
2026-01-21,128127.SZ,0.6482827130689155
2026-01-21,128128.SZ,0.41147608013349535
2026-01-21,128129.SZ,0.14679499939989854
2026-01-21,128134.SZ,-1.0067752524686193
2026-01-21,128135.SZ,-3.0925879053228935
2026-01-21,128136.SZ,0.2758087527519698
2026-01-21,128137.SZ,0.7946415930532863
2026-01-21,128138.SZ,-0.24407996998206524
2026-01-21,128141.SZ,0.7648162457176279
2026-01-21,128142.SZ,0.40433631509645684
2026-01-22,110067.SH,0.9371804549236781
2026-01-22,110070.SH,0.8199318309651099
2026-01-22,110073.SH,0.39276924996868423
2026-01-22,110074.SH,0.7250512612224317
2026-01-22,110075.SH,0.9701314369302378
2026-01-22,110076.SH,-2.270202241919802
2026-01-22,110077.SH,0.8869747812902713
2026-01-22,110081.SH,0.43752211790457035
2026-01-22,110084.SH,0.28967337806050986
2026-01-22,110085.SH,-1.9950374898947727
2026-01-22,110086.SH,0.18458668480832077
2026-01-22,110087.SH,0.33224095343567395
2026-01-22,110089.SH,1.083187135333611
2026-01-22,110090.SH,0.4186494722210837
2026-01-22,110092.SH,0.4727025370949824
2026-01-22,110093.SH,0.3439959789000299
2026-01-22,110094.SH,0.9849872076808954
2026-01-22,110095.SH,-0.07954256213408581
2026-01-22,110097.SH,0.5549846056746606
2026-01-22,110098.SH,0.41019900507382956
2026-01-22,110099.SH,-0.1706043834777604
2026-01-22,111000.SH,0.1646831751031831
2026-01-22,111001.SH,-1.0430134751925513
2026-01-22,111002.SH,0.23932606395375944
2026-01-22,111003.SH,0.008031238586696347
2026-01-22,111004.SH,0.33649698789966725
2026-01-22,111005.SH,0.43590857885030954
2026-01-22,111009.SH,-0.8236663956329325
2026-01-22,111010.SH,0.6762212053324644
2026-01-22,111012.SH,-0.7876549583882807
2026-01-22,111013.SH,0.2559421653709024
2026-01-22,111014.SH,-1.1397827840994188
2026-01-22,111015.SH,0.49179113283491005
2026-01-22,111016.SH,1.1093701254571062
2026-01-22,111017.SH,0.43747747700477024
2026-01-22,111018.SH,0.2392773108709195
2026-01-22,111019.SH,0.7472912484490919
2026-01-22,111020.SH,0.3806682863214151
2026-01-22,111021.SH,-1.1738551184702921
2026-01-22,111022.SH,-0.08465917701566024
2026-01-22,111023.SH,0.557984839234083
2026-01-22,111024.SH,-1.2399058028355003
2026-01-22,113033.SH,0.9931488822918112
2026-01-22,113037.SH,-0.0040727988231815575
2026-01-22,113039.SH,0.3410364353561604
2026-01-22,113042.SH,0.767873216233737
2026-01-22,113043.SH,0.3883185607467544
2026-01-22,113045.SH,1.1119885999036876
2026-01-22,113046.SH,0.4051484488846633
2026-01-22,113048.SH,0.3311377328981306
2026-01-22,113049.SH,-1.623658085623377
2026-01-22,113051.SH,0.38550645992342353
2026-01-22,113052.SH,0.2840215272090891
2026-01-22,113053.SH,0.24574651929132887
2026-01-22,113054.SH,-0.1829851565346727
2026-01-22,113056.SH,0.6306953109548862
2026-01-22,113058.SH,0.7676157309375459
2026-01-22,113059.SH,-4.049145892123332
2026-01-22,113062.SH,0.894243874978473
2026-01-22,113066.SH,0.338921921538554
2026-01-22,113067.SH,0.08404044284163358
2026-01-22,113070.SH,0.39882324004793135
2026-01-22,113574.SH,0.7678223640138375
2026-01-22,113575.SH,-2.646593446584413
2026-01-22,113579.SH,-3.1472131869012325
2026-01-22,113584.SH,0.44214323455757243
2026-01-22,113588.SH,0.12916570957478046
2026-01-22,113589.SH,-5.119016090228127
2026-01-22,113597.SH,0.2302057726947221
2026-01-22,113601.SH,0.17297164384718966
2026-01-22,113605.SH,0.6709611180865641
2026-01-22,113610.SH,-0.8126825532078931
2026-01-22,113615.SH,0.5026045195671389
2026-01-22,113616.SH,-0.28987152051740855
2026-01-22,113618.SH,-0.5756750310920178
2026-01-22,113623.SH,1.0780660441554366
2026-01-22,113624.SH,0.24548773009206326
2026-01-22,113625.SH,-0.49833774228753325
2026-01-22,113627.SH,0.26978551065021855
2026-01-22,113631.SH,0.4794099036684036
2026-01-22,113632.SH,0.4561290733340045
2026-01-22,113633.SH,-0.050957665327096335
2026-01-22,113634.SH,-0.682041943797261
2026-01-22,113636.SH,-0.6941655160459257
2026-01-22,113638.SH,-1.722551144443088
2026-01-22,113639.SH,1.0816675429834348
2026-01-22,113640.SH,0.6622034412340271
2026-01-22,113643.SH,0.10201026517264265
2026-01-22,113644.SH,0.45585829044861215
2026-01-22,113646.SH,0.6650902589333098
2026-01-22,113647.SH,-0.5839160304245112
2026-01-22,113648.SH,0.22965627486105095
2026-01-22,113649.SH,0.5637834858643471
2026-01-22,113650.SH,-2.3558622018038915
2026-01-22,113651.SH,0.790460515824747
2026-01-22,113652.SH,0.12613112159418607
2026-01-22,113653.SH,0.6951651626604537
2026-01-22,113654.SH,0.36857622409308005
2026-01-22,113655.SH,0.42758023627990854
2026-01-22,113656.SH,0.24294587773159657
2026-01-22,113658.SH,0.5394979354946464
2026-01-22,113659.SH,0.524512130046483
2026-01-22,113660.SH,-1.7339204206169052
2026-01-22,113661.SH,0.28275382522554854
2026-01-22,113665.SH,-0.06797637727722318
2026-01-22,113666.SH,-0.24923742003554825
2026-01-22,113667.SH,0.41986588805190606
2026-01-22,113670.SH,-1.975958827525539
2026-01-22,113671.SH,0.055866890577507045
2026-01-22,113672.SH,1.0880919208454154
2026-01-22,113673.SH,0.5858785264837968
2026-01-22,113674.SH,-0.1423781772367588
2026-01-22,113676.SH,0.9734180787267734
2026-01-22,113677.SH,0.21348904776902305
2026-01-22,113678.SH,0.1605173700516938
2026-01-22,113679.SH,-0.45292576162399595
2026-01-22,113680.SH,0.0917656892399002
2026-01-22,113681.SH,0.7126081615985655
2026-01-22,113682.SH,0.23431860728514797
2026-01-22,113686.SH,0.773937906505826
2026-01-22,113687.SH,0.08215145220796556
2026-01-22,113688.SH,0.17231332965740628
2026-01-22,113691.SH,0.5861120436707485
2026-01-22,113692.SH,0.10295519274075739
2026-01-22,113693.SH,-0.2322735699162671
2026-01-22,113694.SH,0.22039383093825135
2026-01-22,113695.SH,0.4741831308895713
2026-01-22,113696.SH,0.18276930470329156
2026-01-22,113697.SH,-0.05319371992804354
2026-01-22,113698.SH,0.332464157934674
2026-01-22,113699.SH,-0.3456696818513603
2026-01-22,118000.SH,1.0280151319632909
2026-01-22,118003.SH,0.4763633753665278
2026-01-22,118004.SH,0.22807953351237217
2026-01-22,118005.SH,-2.615419684468193
2026-01-22,118006.SH,0.6064380434282346
2026-01-22,118007.SH,0.313472740125119
2026-01-22,118008.SH,0.6625105696763581
2026-01-22,118009.SH,1.0937886022552652
2026-01-22,118010.SH,-4.352983472753321
2026-01-22,118011.SH,0.24495654368690167
2026-01-22,118012.SH,0.3391878882351966
2026-01-22,118013.SH,0.3103882965440816
2026-01-22,118015.SH,-1.0802372290371132
2026-01-22,118016.SH,0.7839638306104617
2026-01-22,118018.SH,-0.04249376719470693
2026-01-22,118020.SH,-2.362936373836142
2026-01-22,118021.SH,0.45329922656756394
2026-01-22,118022.SH,-1.2575655578792264
2026-01-22,118024.SH,-0.06577429835060342
2026-01-22,118025.SH,0.039786304400790576
2026-01-22,118027.SH,-3.2203489803114094
2026-01-22,118029.SH,1.0932714505886492
2026-01-22,118030.SH,0.19532291825857762
2026-01-22,118031.SH,0.24347038316410263
2026-01-22,118032.SH,-2.4812005012163425
2026-01-22,118033.SH,-0.4321749739522155
2026-01-22,118034.SH,0.2647670662382073
2026-01-22,118035.SH,0.24147620188205768
2026-01-22,118036.SH,0.21136807161362794
2026-01-22,118037.SH,0.4228831743815126
2026-01-22,118038.SH,0.5678207965144504
2026-01-22,118039.SH,0.7931147646302227
2026-01-22,118040.SH,0.31516871340992125
2026-01-22,118041.SH,0.529929017563906
2026-01-22,118042.SH,-0.8204336405943603
2026-01-22,118043.SH,1.0932960587957616
2026-01-22,118044.SH,0.25387986364453835
2026-01-22,118045.SH,0.19283799682876596
2026-01-22,118048.SH,0.557699426704772
2026-01-22,118049.SH,0.5908932902930901
2026-01-22,118050.SH,0.5641918208925762
2026-01-22,118051.SH,-0.13964004315778655
2026-01-22,118052.SH,-0.052543154527787767
2026-01-22,118053.SH,-0.22498814187864305
2026-01-22,118054.SH,0.3783138047013742
2026-01-22,118055.SH,0.5913854307280071
2026-01-22,118056.SH,0.11112368290390912
2026-01-22,118057.SH,0.24441883776636822
2026-01-22,118058.SH,-0.32431540042211326
2026-01-22,118059.SH,-0.2112544864064425
2026-01-22,118060.SH,-0.36624719265822414
2026-01-22,118061.SH,-1.0359567754614971
2026-01-22,118062.SH,-0.8256206618534397
2026-01-22,118063.SH,-0.7235483317285331
2026-01-22,123049.SZ,1.0844154831516348
2026-01-22,123054.SZ,0.45339498046787846
2026-01-22,123059.SZ,0.33480627822806025
2026-01-22,123061.SZ,0.8392553426243782
2026-01-22,123064.SZ,0.4522830356334013
2026-01-22,123065.SZ,-2.2994530314892994
2026-01-22,123071.SZ,0.1982883353868783
2026-01-22,123072.SZ,-3.4679425710788117
2026-01-22,123076.SZ,0.967821892682963
2026-01-22,123080.SZ,0.2925785689394766
2026-01-22,123085.SZ,0.7409594239980617
2026-01-22,123088.SZ,0.777758579586958
2026-01-22,123090.SZ,-1.8741722418325442
2026-01-22,123091.SZ,0.43539820204042573
2026-01-22,123092.SZ,0.6542962410885671
2026-01-22,123104.SZ,-4.965932035123846
2026-01-22,123107.SZ,0.230127159193003
2026-01-22,123108.SZ,-0.39406514575574775
2026-01-22,123109.SZ,-1.3455065895089129
2026-01-22,123112.SZ,0.3893158492453721
2026-01-22,123113.SZ,-0.3903050104291574
2026-01-22,123114.SZ,0.08816158260575324
2026-01-22,123117.SZ,-2.05304384664613
2026-01-22,123118.SZ,0.8169939950946273
2026-01-22,123119.SZ,0.35343746947308113
2026-01-22,123121.SZ,0.209651068337995
2026-01-22,123122.SZ,-2.0045548206784263
2026-01-22,123124.SZ,0.2921571948805038
2026-01-22,123126.SZ,0.10394063526969398
2026-01-22,123128.SZ,1.0744160638404012
2026-01-22,123129.SZ,0.16597861291228402
2026-01-22,123131.SZ,-0.015597272129313156
2026-01-22,123133.SZ,0.37025290609569755
2026-01-22,123138.SZ,-0.7570624813265688
2026-01-22,123142.SZ,-0.9315288614571269
2026-01-22,123144.SZ,-0.5385001380517509
2026-01-22,123146.SZ,0.9280561442339623
2026-01-22,123149.SZ,0.43301714528010377
2026-01-22,123150.SZ,0.18133116186780324
2026-01-22,123151.SZ,-1.6194377543962921
2026-01-22,123154.SZ,-4.929988486679048
2026-01-22,123155.SZ,0.00784146142105674
2026-01-22,123157.SZ,0.33242530969358125
2026-01-22,123158.SZ,0.015941713903878982
2026-01-22,123159.SZ,0.48968639258623253
2026-01-22,123160.SZ,0.4344074943933558
2026-01-22,123165.SZ,-0.35857559594463484
2026-01-22,123168.SZ,-0.05174707502804491
2026-01-22,123171.SZ,-0.44357687141021995
2026-01-22,123172.SZ,0.5111801241358395
2026-01-22,123173.SZ,0.35977742996114664
2026-01-22,123175.SZ,-0.5855078115903493
2026-01-22,123176.SZ,0.645719095543506
2026-01-22,123178.SZ,0.7654538596402735
2026-01-22,123179.SZ,-2.630405395087042
2026-01-22,123180.SZ,-0.013113825667439195
2026-01-22,123182.SZ,1.0554185279497204
2026-01-22,123183.SZ,0.07355573451345548
2026-01-22,123187.SZ,0.2969666170928147
2026-01-22,123188.SZ,0.2100677690641347
2026-01-22,123189.SZ,0.2938003498274713
2026-01-22,123192.SZ,-0.4017781721170074
2026-01-22,123193.SZ,-0.21326121694519598
2026-01-22,123194.SZ,0.27882503189009755
2026-01-22,123195.SZ,-0.24518449336068904
2026-01-22,123196.SZ,0.22884231355253332
2026-01-22,123197.SZ,-0.06490762953807576
2026-01-22,123198.SZ,0.7758734913513771
2026-01-22,123199.SZ,0.480092490744512
2026-01-22,123207.SZ,1.0719418959031575
2026-01-22,123209.SZ,0.6894613690520164
2026-01-22,123210.SZ,0.38645646092530805
2026-01-22,123211.SZ,0.30746691845273605
2026-01-22,123213.SZ,0.9879611261055444
2026-01-22,123214.SZ,0.1167976174366875
2026-01-22,123215.SZ,0.30172137134551935
2026-01-22,123216.SZ,-0.082719490802257
2026-01-22,123220.SZ,0.3694578940993447
2026-01-22,123221.SZ,0.7268475655123137
2026-01-22,123222.SZ,0.34858457209674365
2026-01-22,123223.SZ,0.20255667395442772
2026-01-22,123224.SZ,0.3738011570029236
2026-01-22,123225.SZ,0.5171302368886858
2026-01-22,123229.SZ,0.10832170218485322
2026-01-22,123235.SZ,0.2053808810920954
2026-01-22,123236.SZ,0.43625849797647
2026-01-22,123237.SZ,0.3794732017899748
2026-01-22,123239.SZ,0.6868716041803995
2026-01-22,123241.SZ,0.20858815520697305
2026-01-22,123242.SZ,1.0893899207949378
2026-01-22,123243.SZ,1.0333979283421517
2026-01-22,123245.SZ,-1.1142695033577505
2026-01-22,123246.SZ,0.4900254847885215
2026-01-22,123247.SZ,0.19271017012950495
2026-01-22,123250.SZ,-1.243777233307218
2026-01-22,123251.SZ,0.558218403835692
2026-01-22,123252.SZ,0.46138899685076157
2026-01-22,123253.SZ,0.07046757047216456
2026-01-22,123254.SZ,0.4288787103760036
2026-01-22,123255.SZ,-0.10321157661387917
2026-01-22,123256.SZ,0.6939730633478969
2026-01-22,123257.SZ,-0.4176151417847779
2026-01-22,123258.SZ,-0.7826822801512591
2026-01-22,123259.SZ,0.24790428666309253
2026-01-22,123260.SZ,-0.3027728590962586
2026-01-22,123261.SZ,-0.3481093538772554
2026-01-22,123262.SZ,-0.5314577101325287
2026-01-22,123263.SZ,-0.5612605959710345
2026-01-22,123264.SZ,-0.6611260345816105
2026-01-22,127016.SZ,0.4562212259425253
2026-01-22,127017.SZ,-0.7875188359712819
2026-01-22,127018.SZ,0.5917356116791204
2026-01-22,127022.SZ,0.842467899018962
2026-01-22,127024.SZ,0.3412386669905345
2026-01-22,127025.SZ,-3.5153663082347717
2026-01-22,127026.SZ,0.659876045368298
2026-01-22,127027.SZ,0.041408525776582515
2026-01-22,127030.SZ,-0.15101750710480202
2026-01-22,127031.SZ,0.09884389151801684
2026-01-22,127034.SZ,-0.1806435125644402
2026-01-22,127037.SZ,-0.12512594952331735
2026-01-22,127038.SZ,-0.3385378298885662
2026-01-22,127039.SZ,1.0790991147075801
2026-01-22,127040.SZ,0.7185541966908885
2026-01-22,127041.SZ,0.6086372774754193
2026-01-22,127042.SZ,1.1109724800915108
2026-01-22,127044.SZ,-0.2672234353358054
2026-01-22,127045.SZ,0.35786791187360883
2026-01-22,127046.SZ,-2.7186720705827154
2026-01-22,127047.SZ,1.0913294173497121
2026-01-22,127049.SZ,0.05010005918225711
2026-01-22,127050.SZ,0.33346792622863747
2026-01-22,127053.SZ,0.8384366574449867
2026-01-22,127054.SZ,0.230417242066053
2026-01-22,127055.SZ,0.7521689601916068
2026-01-22,127056.SZ,0.25968685458108526
2026-01-22,127059.SZ,0.03374299813912113
2026-01-22,127060.SZ,-0.8101721604725111
2026-01-22,127061.SZ,0.4054693043711837
2026-01-22,127062.SZ,-0.636959684660234
2026-01-22,127064.SZ,0.36975381815281216
2026-01-22,127066.SZ,0.17296483075533753
2026-01-22,127067.SZ,0.4703491342897522
2026-01-22,127068.SZ,-0.7153343824580003
2026-01-22,127069.SZ,-0.15254186462803182
2026-01-22,127070.SZ,0.2819405433157174
2026-01-22,127071.SZ,0.9944793375742211
2026-01-22,127072.SZ,0.40558452255387867
2026-01-22,127075.SZ,0.23289148112528255
2026-01-22,127076.SZ,0.4725718860069326
2026-01-22,127078.SZ,0.8252237808606816
2026-01-22,127079.SZ,0.6193956394979105
2026-01-22,127080.SZ,-1.223401201116278
2026-01-22,127082.SZ,0.2976270004137055
2026-01-22,127083.SZ,-0.21256801465621417
2026-01-22,127084.SZ,0.4227613424197111
2026-01-22,127085.SZ,-1.4318431802592757
2026-01-22,127088.SZ,0.14257732219295033
2026-01-22,127089.SZ,0.2578199979546096
2026-01-22,127090.SZ,0.2532544586350505
2026-01-22,127092.SZ,0.3798680994712317
2026-01-22,127093.SZ,0.10827860226141378
2026-01-22,127094.SZ,0.5162697556889292
2026-01-22,127095.SZ,0.5178490430925821
2026-01-22,127096.SZ,0.39805873272484743
2026-01-22,127098.SZ,-1.817315500860849
2026-01-22,127099.SZ,0.34987361100278225
2026-01-22,127102.SZ,-0.2616592778929667
2026-01-22,127103.SZ,0.37491125266576814
2026-01-22,127104.SZ,0.024498703766092828
2026-01-22,127105.SZ,0.5171552007057274
2026-01-22,127108.SZ,0.3737851606251119
2026-01-22,127109.SZ,0.4242873120412874
2026-01-22,127110.SZ,0.21256628741696987
2026-01-22,127111.SZ,0.3134515525766386
2026-01-22,128097.SZ,0.36406076396424186
2026-01-22,128101.SZ,0.5127858689182373
2026-01-22,128108.SZ,0.21868034951105866
2026-01-22,128119.SZ,-2.7895951045545417
2026-01-22,128121.SZ,-0.2046170744894418
2026-01-22,128124.SZ,-5.074608881047661
2026-01-22,128125.SZ,0.6388193857426036
2026-01-22,128127.SZ,0.5719517036979633
2026-01-22,128128.SZ,0.4738314326694261
2026-01-22,128129.SZ,0.13825429081826401
2026-01-22,128134.SZ,-1.0048356910294804
2026-01-22,128135.SZ,-3.1735805489194404
2026-01-22,128136.SZ,0.27267742821827107
2026-01-22,128137.SZ,0.7590387513437852
2026-01-22,128138.SZ,-0.231847667757527
2026-01-22,128141.SZ,0.7746867973097468
2026-01-22,128142.SZ,0.37366299069169984
2026-01-23,110067.SH,-0.9504968692952661
2026-01-23,110070.SH,-0.8550981323832598
2026-01-23,110073.SH,-0.16486416973289916
2026-01-23,110074.SH,0.07195484877925847
2026-01-23,110075.SH,-0.9142966952388202
2026-01-23,110076.SH,2.3588589158909916
2026-01-23,110077.SH,-0.8908947032769851
2026-01-23,110081.SH,-0.3556452587714346
2026-01-23,110084.SH,-0.323196130465335
2026-01-23,110085.SH,1.941793285738467
2026-01-23,110086.SH,-0.20956350537055446
2026-01-23,110087.SH,-0.35052557215236063
2026-01-23,110089.SH,-1.093695946795547
2026-01-23,110090.SH,0.3265447065055293
2026-01-23,110092.SH,-0.5155682321127939
2026-01-23,110093.SH,0.2955182538605644
2026-01-23,110094.SH,-1.0109426496310998
2026-01-23,110095.SH,-0.1259336083775156
2026-01-23,110097.SH,-0.5697125999301272
2026-01-23,110098.SH,-0.4327692525493612
2026-01-23,110099.SH,0.16747609142639777
2026-01-23,111000.SH,-0.6289665714216256
2026-01-23,111001.SH,0.9713142376571261
2026-01-23,111002.SH,0.29994421173695873
2026-01-23,111003.SH,-0.008302550589476132
2026-01-23,111004.SH,-0.3333929365539855
2026-01-23,111005.SH,0.2469211426173988
2026-01-23,111009.SH,0.8028855393081544
2026-01-23,111010.SH,-0.6356037412494856
2026-01-23,111012.SH,-4.514190337685622
2026-01-23,111013.SH,0.3239037185980654
2026-01-23,111014.SH,1.0906963767198286
2026-01-23,111015.SH,-0.6071665786737798
2026-01-23,111016.SH,-1.106612032760106
2026-01-23,111017.SH,-0.5113416470951299
2026-01-23,111018.SH,-0.26583975018126293
2026-01-23,111019.SH,-0.7279021390657251
2026-01-23,111020.SH,-0.14926635335000482
2026-01-23,111021.SH,-1.3877944540194609
2026-01-23,111022.SH,-0.0011891756394456026
2026-01-23,111023.SH,-0.5334046049486417
2026-01-23,111024.SH,1.1878926363671467
2026-01-23,113033.SH,-0.9414490433156186
2026-01-23,113037.SH,0.38850200144489194
2026-01-23,113039.SH,-0.47297038195060437
2026-01-23,113042.SH,-0.7302863750481875
2026-01-23,113043.SH,-0.3794416983917687
2026-01-23,113045.SH,-1.1041171459694807
2026-01-23,113046.SH,-0.4365274086783104
2026-01-23,113048.SH,-0.2622762376940098
2026-01-23,113049.SH,1.7487238200356943
2026-01-23,113051.SH,0.3372257988200448
2026-01-23,113052.SH,-0.23642306755650824
2026-01-23,113053.SH,-0.30110335182664444
2026-01-23,113054.SH,0.20572089171001412
2026-01-23,113056.SH,-0.629463703410588
2026-01-23,113058.SH,-0.8011553283419823
2026-01-23,113059.SH,4.003308421851038
2026-01-23,113062.SH,-0.9275684903777829
2026-01-23,113066.SH,0.3019751929049247
2026-01-23,113067.SH,-0.10631300803818602
2026-01-23,113070.SH,-0.21778403047653455
2026-01-23,113574.SH,0.21308688695504513
2026-01-23,113575.SH,2.3682100863170015
2026-01-23,113579.SH,3.1150562888927347
2026-01-23,113584.SH,0.2923808638103447
2026-01-23,113588.SH,-0.20713162595569265
2026-01-23,113589.SH,-4.172926081256995
2026-01-23,113597.SH,-0.22863648957009697
2026-01-23,113601.SH,0.08674628402330702
2026-01-23,113605.SH,-0.6939602355219722
2026-01-23,113610.SH,0.7523068004452839
2026-01-23,113615.SH,-0.5084657010846465
2026-01-23,113616.SH,0.3283945653332651
2026-01-23,113618.SH,0.5619755914817156
2026-01-23,113623.SH,-1.086430209986952
2026-01-23,113624.SH,-0.25137567058735616
2026-01-23,113625.SH,0.5125453095561784
2026-01-23,113627.SH,0.3475501630955751
2026-01-23,113631.SH,-0.7838570851295849
2026-01-23,113632.SH,-0.6716577126047527
2026-01-23,113633.SH,0.7225687435818514
2026-01-23,113634.SH,0.6840972476517359
2026-01-23,113636.SH,0.4313255531274858
2026-01-23,113638.SH,1.7979338466882457
2026-01-23,113639.SH,-1.1028984175646812
2026-01-23,113640.SH,-0.6451542638622197
2026-01-23,113643.SH,-0.0787654892473491
2026-01-23,113644.SH,-0.4179819242051092
2026-01-23,113646.SH,-0.6848154801002291
2026-01-23,113647.SH,0.43508849554722273
2026-01-23,113648.SH,0.4148227438367884
2026-01-23,113649.SH,-0.5936025683767033
2026-01-23,113650.SH,2.573291383314144
2026-01-23,113651.SH,-0.8317213953447576
2026-01-23,113652.SH,0.36412216361436456
2026-01-23,113653.SH,-0.7493032134153483
2026-01-23,113654.SH,0.07281232950544568
2026-01-23,113655.SH,-0.45601522045094367
2026-01-23,113656.SH,-0.23006550920562588
2026-01-23,113658.SH,-0.46259664871543954
2026-01-23,113659.SH,0.30731172829197634
2026-01-23,113660.SH,1.595845305667135
2026-01-23,113661.SH,-0.2835714173415594
2026-01-23,113665.SH,0.05660745360476338
2026-01-23,113666.SH,0.43069801105600275
2026-01-23,113667.SH,0.3296353022900226
2026-01-23,113670.SH,1.9829277771791636
2026-01-23,113671.SH,-0.11627414907012198
2026-01-23,113672.SH,-1.102113041766189
2026-01-23,113673.SH,-0.36044804604179226
2026-01-23,113674.SH,0.15400434958744977
2026-01-23,113676.SH,-1.0085984600619076
2026-01-23,113677.SH,-0.172658952002314
2026-01-23,113678.SH,0.05542256888737667
2026-01-23,113679.SH,0.4486041717333482
2026-01-23,113680.SH,-0.1082434639386881
2026-01-23,113681.SH,-0.7186966243886939
2026-01-23,113682.SH,0.5026828519677541
2026-01-23,113686.SH,-0.7591903732170685
2026-01-23,113687.SH,-0.02924440109417167
2026-01-23,113688.SH,-0.17567570253356507
2026-01-23,113691.SH,-0.6103783057741531
2026-01-23,113692.SH,0.3217692749342595
2026-01-23,113693.SH,0.3980880949995164
2026-01-23,113694.SH,-0.2521883464347995
2026-01-23,113695.SH,-0.5010085072254354
2026-01-23,113696.SH,0.29757832592398387
2026-01-23,113697.SH,0.0906427432915756
2026-01-23,113698.SH,-0.28442164264657616
2026-01-23,113699.SH,0.4199244001860375
2026-01-23,118000.SH,-1.0790299467176276
2026-01-23,118003.SH,-0.4675322502483352
2026-01-23,118004.SH,-0.28046548982113806
2026-01-23,118005.SH,0.6277078744568355
2026-01-23,118006.SH,-0.4809382389206014
2026-01-23,118007.SH,0.08216866796493268
2026-01-23,118008.SH,-0.8071945605123215
2026-01-23,118009.SH,-1.0984698407214133
2026-01-23,118010.SH,4.307613744326584
2026-01-23,118011.SH,-0.16333222796160227
2026-01-23,118012.SH,-0.055918380815082644
2026-01-23,118013.SH,0.2727912853790615
2026-01-23,118015.SH,0.7685169417066182
2026-01-23,118016.SH,-0.8304144411720054
2026-01-23,118018.SH,0.3056735977180567
2026-01-23,118020.SH,2.4057764756280697
2026-01-23,118021.SH,-0.4665724204784953
2026-01-23,118022.SH,1.3724483392430158
2026-01-23,118024.SH,0.05196228369019825
2026-01-23,118025.SH,-0.013686938292938511
2026-01-23,118027.SH,-1.0482737773281463
2026-01-23,118029.SH,-1.095331000946855
2026-01-23,118030.SH,-0.14599678963796417
2026-01-23,118031.SH,0.009267636327939451
2026-01-23,118032.SH,2.5371141336890477
2026-01-23,118033.SH,0.540576586038241
2026-01-23,118034.SH,0.09492997662501525
2026-01-23,118035.SH,-0.030889298406579772
2026-01-23,118036.SH,-0.23607931998891907
2026-01-23,118037.SH,-0.4024496469641226
2026-01-23,118038.SH,-0.5198027122665658
2026-01-23,118039.SH,-0.8036645547924661
2026-01-23,118040.SH,-0.3271219631144551
2026-01-23,118041.SH,0.26515692214199604
2026-01-23,118042.SH,0.35371424305075316
2026-01-23,118043.SH,-1.0867420203021532
2026-01-23,118044.SH,-0.17969713291507605
2026-01-23,118045.SH,-0.1720252959880641
2026-01-23,118048.SH,-0.4905549427495652
2026-01-23,118049.SH,-0.42862621417726593
2026-01-23,118050.SH,-0.6222078593026588
2026-01-23,118051.SH,-0.059008926183326725
2026-01-23,118052.SH,-0.21608166323184896
2026-01-23,118053.SH,0.42469234897929264
2026-01-23,118054.SH,0.12053824033780669
2026-01-23,118055.SH,0.3026274747870807
2026-01-23,118056.SH,-0.2734878728338237
2026-01-23,118057.SH,-0.19593474068907507
2026-01-23,118058.SH,0.36316006418545516
2026-01-23,118059.SH,0.3941832601274645
2026-01-23,118060.SH,-0.21338198358366844
2026-01-23,118061.SH,0.5331376138307728
2026-01-23,118062.SH,0.7298010966759382
2026-01-23,118063.SH,0.8220010668766636
2026-01-23,123049.SZ,-1.0986356861407398
2026-01-23,123054.SZ,0.16501585769055963
2026-01-23,123059.SZ,-0.5560125412183724
2026-01-23,123061.SZ,-0.9127122698368303
2026-01-23,123064.SZ,0.2399699908218065
2026-01-23,123065.SZ,1.8426944409723285
2026-01-23,123071.SZ,-0.19221560841058688
2026-01-23,123072.SZ,3.4281280185506358
2026-01-23,123076.SZ,-0.919697277483516
2026-01-23,123080.SZ,-0.30930661226752115
2026-01-23,123085.SZ,-0.7403263960996112
2026-01-23,123088.SZ,-0.7619015201515648
2026-01-23,123090.SZ,1.9077716936371907
2026-01-23,123091.SZ,-0.45995439397764387
2026-01-23,123092.SZ,-0.6997700093540431
2026-01-23,123104.SZ,-4.127160493027929
2026-01-23,123107.SZ,-0.23613244569393407
2026-01-23,123108.SZ,0.021811891658869122
2026-01-23,123109.SZ,1.4360530063405734
2026-01-23,123112.SZ,-0.41674262564147424
2026-01-23,123113.SZ,0.4515082738918788
2026-01-23,123114.SZ,-0.3961033843652019
2026-01-23,123117.SZ,2.05676335164603
2026-01-23,123118.SZ,-0.8187051695664926
2026-01-23,123119.SZ,0.27978433590218094
2026-01-23,123121.SZ,-0.2683417473504913
2026-01-23,123122.SZ,1.8893571685451527
2026-01-23,123124.SZ,0.10715637578015592
2026-01-23,123126.SZ,-0.0895193401207806
2026-01-23,123128.SZ,-1.1000753594539086
2026-01-23,123129.SZ,-0.16861098254882595
2026-01-23,123131.SZ,0.0561687528314525
2026-01-23,123133.SZ,0.31176534070877066
2026-01-23,123138.SZ,0.7234143358336687
2026-01-23,123142.SZ,0.9352607419124682
2026-01-23,123144.SZ,0.5115353504281596
2026-01-23,123146.SZ,-0.9319939757520926
2026-01-23,123149.SZ,-0.4832472333047344
2026-01-23,123150.SZ,0.12616505332767325
2026-01-23,123151.SZ,1.6044245600748843
2026-01-23,123154.SZ,0.5580881152674202
2026-01-23,123155.SZ,-0.017122107257377398
2026-01-23,123157.SZ,0.1253492528675741
2026-01-23,123158.SZ,0.004585198001641652
2026-01-23,123159.SZ,-1.0999491799593648
2026-01-23,123160.SZ,0.08339082640091489
2026-01-23,123165.SZ,0.3615884998529168
2026-01-23,123168.SZ,0.3886097054484514
2026-01-23,123171.SZ,0.4630206902663639
2026-01-23,123172.SZ,-0.5890162314944604
2026-01-23,123173.SZ,0.17035212441050557
2026-01-23,123175.SZ,0.6599549202160724
2026-01-23,123176.SZ,-0.5360066943705151
2026-01-23,123178.SZ,-0.8272419757273975
2026-01-23,123179.SZ,2.7639076732766927
2026-01-23,123180.SZ,0.13148744518826436
2026-01-23,123182.SZ,-1.0316413184529554
2026-01-23,123183.SZ,0.3382863352203917
2026-01-23,123187.SZ,0.06697230005838373
2026-01-23,123188.SZ,-0.0028709627748149395
2026-01-23,123189.SZ,0.29025139126351
2026-01-23,123192.SZ,0.3844710536882316
2026-01-23,123193.SZ,0.1844447602673514
2026-01-23,123194.SZ,-0.09101929707862831
2026-01-23,123195.SZ,0.30266582419810256
2026-01-23,123196.SZ,0.17000538864457743
2026-01-23,123197.SZ,-0.07285342121292807
2026-01-23,123198.SZ,-0.8062004629981097
2026-01-23,123199.SZ,-0.313853199998487
2026-01-23,123207.SZ,0.14177442656938877
2026-01-23,123209.SZ,0.29770592544937985
2026-01-23,123210.SZ,-0.634267893732242
2026-01-23,123211.SZ,-0.20583072306759054
2026-01-23,123213.SZ,0.12384957973495654
2026-01-23,123214.SZ,-0.13597505817607713
2026-01-23,123215.SZ,-0.29987294718139595
2026-01-23,123216.SZ,-0.3070621344624867
2026-01-23,123220.SZ,0.22260279001959338
2026-01-23,123221.SZ,-0.7751200706828597
2026-01-23,123222.SZ,0.24437985317237929
2026-01-23,123223.SZ,-0.18363828022580306
2026-01-23,123224.SZ,-0.37380668767794156
2026-01-23,123225.SZ,0.26721546554350845
2026-01-23,123229.SZ,-0.07617192289500155
2026-01-23,123235.SZ,0.13612454217206396
2026-01-23,123236.SZ,0.16076849928015194
2026-01-23,123237.SZ,-0.38103123660780464
2026-01-23,123239.SZ,-0.6915141225992907
2026-01-23,123241.SZ,0.3562197706437437
2026-01-23,123242.SZ,-1.0935386623671803
2026-01-23,123243.SZ,-1.055286014508517
2026-01-23,123245.SZ,-0.9839647976583694
2026-01-23,123246.SZ,0.12705830141433486
2026-01-23,123247.SZ,-0.18996189585106005
2026-01-23,123250.SZ,1.3528563211859705
2026-01-23,123251.SZ,-0.4973382677175432
2026-01-23,123252.SZ,-0.004068447761595582
2026-01-23,123253.SZ,0.3685164266858858
2026-01-23,123254.SZ,-0.34049756026881206
2026-01-23,123255.SZ,-0.1055577557301879
2026-01-23,123256.SZ,-0.9375894792235558
2026-01-23,123257.SZ,0.4834548244675439
2026-01-23,123258.SZ,0.6783434769688641
2026-01-23,123259.SZ,0.0677065881406367
2026-01-23,123260.SZ,0.1598464214803933
2026-01-23,123261.SZ,-0.14698003821009256
2026-01-23,123262.SZ,0.4290372659164532
2026-01-23,123263.SZ,0.7070144972809705
2026-01-23,123264.SZ,0.6656511895763272
2026-01-23,127016.SZ,-0.5156587883727302
2026-01-23,127017.SZ,0.7148898242070044
2026-01-23,127018.SZ,-0.6991545692261144
2026-01-23,127022.SZ,-0.8599411087500705
2026-01-23,127024.SZ,-0.38637353277237857
2026-01-23,127025.SZ,0.8363651586900345
2026-01-23,127026.SZ,-0.7225491892235115
2026-01-23,127027.SZ,-0.0837431443976986
2026-01-23,127030.SZ,0.14623903139525685
2026-01-23,127031.SZ,-0.07975174882614029
2026-01-23,127034.SZ,0.17326018228558748
2026-01-23,127037.SZ,-0.2672603974247174
2026-01-23,127038.SZ,0.40944517651781664
2026-01-23,127039.SZ,-1.092946503378558
2026-01-23,127040.SZ,-0.7234210785917641
2026-01-23,127041.SZ,-0.6235051823605807
2026-01-23,127042.SZ,-1.1163290190859583
2026-01-23,127044.SZ,0.2916772836422826
2026-01-23,127045.SZ,-0.31770725111109516
2026-01-23,127046.SZ,0.7690193154646888
2026-01-23,127047.SZ,-1.0983949796115708
2026-01-23,127049.SZ,-0.003881203027463672
2026-01-23,127050.SZ,-0.29812415075296694
2026-01-23,127053.SZ,-0.81907764401486
2026-01-23,127054.SZ,-0.24486082780810764
2026-01-23,127055.SZ,-0.8220053840206536
2026-01-23,127056.SZ,0.7495278789990177
2026-01-23,127059.SZ,-0.04879170977547481
2026-01-23,127060.SZ,0.8165094765419533
2026-01-23,127061.SZ,0.3074369020431272
2026-01-23,127062.SZ,0.5554863365532264
2026-01-23,127064.SZ,-0.39111415773615177
2026-01-23,127066.SZ,0.3166778878509224
2026-01-23,127067.SZ,-0.48863716187179057
2026-01-23,127068.SZ,0.6957694454102841
2026-01-23,127069.SZ,0.4161018107402022
2026-01-23,127070.SZ,-0.3686584644223331
2026-01-23,127071.SZ,-1.0016622738442262
2026-01-23,127072.SZ,0.271016587754248
2026-01-23,127075.SZ,-0.2532291251302759
2026-01-23,127076.SZ,-0.42521653229935075
2026-01-23,127078.SZ,-0.9017268062364864
2026-01-23,127079.SZ,-0.6352573302624865
2026-01-23,127080.SZ,-2.3724001919154327
2026-01-23,127082.SZ,-0.04571068769683607
2026-01-23,127083.SZ,0.41107337633220786
2026-01-23,127084.SZ,-0.35436310769193685
2026-01-23,127085.SZ,0.5802305162242564
2026-01-23,127088.SZ,-0.09678077265336454
2026-01-23,127089.SZ,0.32776054465891075
2026-01-23,127090.SZ,0.03607853020922754
2026-01-23,127092.SZ,0.038258716413220206
2026-01-23,127093.SZ,-0.11756657333877228
2026-01-23,127094.SZ,-0.618759563485414
2026-01-23,127095.SZ,-0.5336212931420607
2026-01-23,127096.SZ,-0.40653849514944645
2026-01-23,127098.SZ,1.7561334052729538
2026-01-23,127099.SZ,-0.3432396932344788
2026-01-23,127102.SZ,0.25803242270432414
2026-01-23,127103.SZ,-0.43833724972839316
2026-01-23,127104.SZ,0.0760748024420529
2026-01-23,127105.SZ,-0.5149883200973507
2026-01-23,127108.SZ,0.3388269110779772
2026-01-23,127109.SZ,-0.4359662119403279
2026-01-23,127110.SZ,-0.2504359829268035
2026-01-23,127111.SZ,0.28658463856022415
2026-01-23,128097.SZ,-0.35174598897482195
2026-01-23,128101.SZ,-0.5036437942678107
2026-01-23,128108.SZ,0.3458304071398708
2026-01-23,128119.SZ,2.7096297777809077
2026-01-23,128121.SZ,0.40985510814396603
2026-01-23,128124.SZ,5.015467106253007
2026-01-23,128125.SZ,-0.6494089574668703
2026-01-23,128127.SZ,0.10737719605703541
2026-01-23,128128.SZ,-0.5189268991107897
2026-01-23,128129.SZ,-0.16415800688132096
2026-01-23,128134.SZ,0.9624105930335696
2026-01-23,128135.SZ,3.251525951887557
2026-01-23,128136.SZ,-0.21985695553493545
2026-01-23,128137.SZ,-0.7806469275442209
2026-01-23,128138.SZ,0.29982979643118873
2026-01-23,128141.SZ,-0.7815268071707031
2026-01-23,128142.SZ,-0.4139186400900142
2026-01-26,110067.SH,-0.9651542232200545
2026-01-26,110070.SH,-0.9227268695552057
2026-01-26,110073.SH,0.3969881784060821
2026-01-26,110074.SH,-0.45329690963337455
2026-01-26,110075.SH,-0.860508687123308
2026-01-26,110076.SH,2.2321517040614975
2026-01-26,110077.SH,-0.8804672708376109
2026-01-26,110081.SH,-0.4174549352216425
2026-01-26,110084.SH,-0.2598204531941497
2026-01-26,110085.SH,1.642230403257142
2026-01-26,110086.SH,-0.1320793158694595
2026-01-26,110087.SH,-0.3568542675107482
2026-01-26,110089.SH,-1.0928954339069663
2026-01-26,110090.SH,0.23707916481144825
2026-01-26,110092.SH,-0.47171996809299116
2026-01-26,110093.SH,-0.5282920716624067
2026-01-26,110094.SH,-1.0539713464212128
2026-01-26,110095.SH,-2.6077997463396323
2026-01-26,110097.SH,-0.5154304759258116
2026-01-26,110098.SH,-0.4511397129108925
2026-01-26,110099.SH,0.22949439090673404
2026-01-26,111000.SH,-0.7892804989631635
2026-01-26,111001.SH,1.063267559884716
2026-01-26,111002.SH,-0.10355244036455467
2026-01-26,111003.SH,0.06574991177997355
2026-01-26,111004.SH,-0.30770749676988207
2026-01-26,111005.SH,0.2431713162365463
2026-01-26,111009.SH,0.8629905283416703
2026-01-26,111010.SH,-0.7254070691741672
2026-01-26,111012.SH,-2.884185649650267
2026-01-26,111013.SH,-0.33776358333477996
2026-01-26,111014.SH,1.0750464514974556
2026-01-26,111015.SH,-0.5884672873948292
2026-01-26,111016.SH,-1.113867565624012
2026-01-26,111017.SH,-0.5016593353629559
2026-01-26,111018.SH,0.37735727518974793
2026-01-26,111019.SH,-0.7373365000661037
2026-01-26,111020.SH,-0.07718901678144546
2026-01-26,111021.SH,-2.3816135323735086
2026-01-26,111022.SH,-0.007046369417734245
2026-01-26,111023.SH,-0.4546051241835229
2026-01-26,111024.SH,1.1744562236384204
2026-01-26,113033.SH,0.17045077212995274
2026-01-26,113037.SH,-0.0017913601057588072
2026-01-26,113039.SH,0.11057352043709914
2026-01-26,113042.SH,-0.6586281530436284
2026-01-26,113043.SH,-0.3846673041431637
2026-01-26,113046.SH,-0.3991400809956109
2026-01-26,113048.SH,-0.3269331918880933
2026-01-26,113049.SH,1.8053329384888077
2026-01-26,113051.SH,-0.3236098098769278
2026-01-26,113052.SH,-0.18535762685718143
2026-01-26,113053.SH,-0.4933335790777271
2026-01-26,113054.SH,0.26061036594449805
2026-01-26,113056.SH,-0.6673474242867588
2026-01-26,113058.SH,-0.7530381674964418
2026-01-26,113059.SH,3.6892472842753388
2026-01-26,113062.SH,-0.8801871005124381
2026-01-26,113066.SH,0.32651793171261334
2026-01-26,113067.SH,-0.0736734012950089
2026-01-26,113070.SH,-0.20249433270875528
2026-01-26,113574.SH,0.1914955918002811
2026-01-26,113575.SH,2.281765914425797
2026-01-26,113579.SH,3.127361943441469
2026-01-26,113584.SH,-0.6766276719861566
2026-01-26,113588.SH,0.33367533851985487
2026-01-26,113589.SH,1.7130737269217713
2026-01-26,113597.SH,-0.24686691013952639
2026-01-26,113601.SH,0.21838825705995352
2026-01-26,113605.SH,-0.7769348597327058
2026-01-26,113610.SH,0.7612499405968397
2026-01-26,113615.SH,0.2853532605591008
2026-01-26,113616.SH,0.4937559461570822
2026-01-26,113618.SH,0.43706692859976226
2026-01-26,113623.SH,-1.097968431546579
2026-01-26,113624.SH,-0.2472507412841462
2026-01-26,113625.SH,0.5529012550509137
2026-01-26,113627.SH,0.2937503068662834
2026-01-26,113631.SH,-0.7891739770170652
2026-01-26,113632.SH,0.24273212046998643
2026-01-26,113633.SH,1.1245441113142347
2026-01-26,113634.SH,0.6798253084029242
2026-01-26,113636.SH,0.7770065318772552
2026-01-26,113638.SH,0.9598285916116998
2026-01-26,113639.SH,-1.1113670142929029
2026-01-26,113640.SH,-0.6172341307273432
2026-01-26,113643.SH,0.1591154993333367
2026-01-26,113644.SH,-0.4654049480377799
2026-01-26,113646.SH,-0.7622521202013784
2026-01-26,113647.SH,0.6473132258296422
2026-01-26,113648.SH,0.8781153975298994
2026-01-26,113649.SH,-0.608573426991308
2026-01-26,113650.SH,2.3378684997754937
2026-01-26,113651.SH,-0.7844384455978748
2026-01-26,113652.SH,-0.08730150997936803
2026-01-26,113653.SH,-0.8638022351642622
2026-01-26,113654.SH,0.2557924461686746
2026-01-26,113655.SH,-0.4379315540383679
2026-01-26,113656.SH,-0.2242010158989207
2026-01-26,113658.SH,-0.45037615890607563
2026-01-26,113659.SH,-0.5015719695673759
2026-01-26,113660.SH,1.7024776362373284
2026-01-26,113661.SH,-0.32886794931036795
2026-01-26,113665.SH,0.0862864186237869
2026-01-26,113666.SH,0.34115516501199455
2026-01-26,113667.SH,-0.34223007103244185
2026-01-26,113670.SH,2.061702211308272
2026-01-26,113671.SH,-0.27238009002568847
2026-01-26,113673.SH,-0.34269721720698765
2026-01-26,113674.SH,0.18989319456755446
2026-01-26,113676.SH,-1.0748590137668572
2026-01-26,113677.SH,0.3318777840058541
2026-01-26,113678.SH,0.1887078158599662
2026-01-26,113679.SH,0.3920688159575122
2026-01-26,113680.SH,-0.11539156236141727
2026-01-26,113681.SH,-0.7172720546656988
2026-01-26,113682.SH,0.6465720228484099
2026-01-26,113686.SH,-0.7477294570380861
2026-01-26,113687.SH,-0.39358687870596654
2026-01-26,113688.SH,-0.1447434205048856
2026-01-26,113691.SH,-0.5682668284351495
2026-01-26,113692.SH,0.3906960409352082
2026-01-26,113693.SH,0.24508982983986072
2026-01-26,113694.SH,-0.3925607857632904
2026-01-26,113695.SH,-0.24356150187270945
2026-01-26,113696.SH,-0.12560884126618832
2026-01-26,113697.SH,0.02827508616640338
2026-01-26,113698.SH,-0.2888926790020721
2026-01-26,113699.SH,0.541682556650898
2026-01-26,118000.SH,-1.1004512047659312
2026-01-26,118003.SH,-0.47110164683332567
2026-01-26,118004.SH,0.3683770203844254
2026-01-26,118005.SH,2.6119514234130854
2026-01-26,118006.SH,-0.021791700533650732
2026-01-26,118007.SH,-0.44922190216186086
2026-01-26,118008.SH,-0.9469004797248081
2026-01-26,118009.SH,-1.1023192514744875
2026-01-26,118010.SH,4.421345280156289
2026-01-26,118011.SH,0.3548538134856336
2026-01-26,118012.SH,-1.1912705351333315
2026-01-26,118013.SH,0.2728939040730599
2026-01-26,118015.SH,0.9147028737962624
2026-01-26,118016.SH,-0.8418977674240403
2026-01-26,118018.SH,0.48837580628835736
2026-01-26,118020.SH,0.8805866528804239
2026-01-26,118021.SH,-0.0783525760555344
2026-01-26,118022.SH,1.3355776609776882
2026-01-26,118024.SH,-0.023510979501040627
2026-01-26,118025.SH,-0.08182795460855818
2026-01-26,118027.SH,-0.7256879820300717
2026-01-26,118029.SH,-1.1117002010503854
2026-01-26,118030.SH,-0.5639641585788362
2026-01-26,118031.SH,-0.9508244537920297
2026-01-26,118032.SH,2.620516462811853
2026-01-26,118033.SH,0.21460269315688987
2026-01-26,118034.SH,-0.6279814761389172
2026-01-26,118035.SH,-0.009669142210413824
2026-01-26,118036.SH,0.2940392747004526
2026-01-26,118037.SH,-0.4718128446658292
2026-01-26,118038.SH,-0.5387143735231215
2026-01-26,118039.SH,-0.8562393481697799
2026-01-26,118040.SH,-0.3917868387770475
2026-01-26,118041.SH,-0.45775564034598054
2026-01-26,118042.SH,-0.020032191849963035
2026-01-26,118043.SH,-1.109388899797526
2026-01-26,118044.SH,-0.1975489119729067
2026-01-26,118045.SH,-0.27275641376960746
2026-01-26,118048.SH,0.14617446526200423
2026-01-26,118049.SH,-1.0583855244352764
2026-01-26,118050.SH,-0.5878743250098433
2026-01-26,118051.SH,-0.1746984389163013
2026-01-26,118052.SH,0.09488110953419338
2026-01-26,118053.SH,0.43890267064897676
2026-01-26,118054.SH,-0.513335055237727
2026-01-26,118055.SH,-0.1832649567845517
2026-01-26,118056.SH,-0.03216040424920995
2026-01-26,118057.SH,-0.4981420607431674
2026-01-26,118058.SH,0.24357880688511419
2026-01-26,118059.SH,0.53821773298922
2026-01-26,118060.SH,-0.14297458807211819
2026-01-26,118061.SH,0.6919459628440149
2026-01-26,118062.SH,0.6764042568204276
2026-01-26,118063.SH,0.8864775903853045
2026-01-26,123049.SZ,-1.1079351295556494
2026-01-26,123054.SZ,0.15641967533587586
2026-01-26,123059.SZ,-0.5647213056162799
2026-01-26,123061.SZ,-0.9459132443056285
2026-01-26,123064.SZ,0.21834959985954844
2026-01-26,123065.SZ,1.9614863595279026
2026-01-26,123071.SZ,-0.21451668908167787
2026-01-26,123072.SZ,3.57162098773967
2026-01-26,123076.SZ,-0.9545172390441883
2026-01-26,123080.SZ,-0.38246450561639256
2026-01-26,123085.SZ,-0.7778735782691812
2026-01-26,123088.SZ,-1.0561290516356319
2026-01-26,123090.SZ,1.9465418146809346
2026-01-26,123091.SZ,-0.38681845566576584
2026-01-26,123092.SZ,-0.6740967486952094
2026-01-26,123104.SZ,-0.29380336789011985
2026-01-26,123107.SZ,-0.18923374430169543
2026-01-26,123108.SZ,0.3372721026104806
2026-01-26,123109.SZ,1.3725814433988677
2026-01-26,123112.SZ,-0.411940028011794
2026-01-26,123113.SZ,0.5196093809677164
2026-01-26,123114.SZ,-0.32120237965939613
2026-01-26,123117.SZ,2.025116764730047
2026-01-26,123118.SZ,-0.8610388514464066
2026-01-26,123119.SZ,0.34900336661494374
2026-01-26,123121.SZ,-0.3974717751630264
2026-01-26,123122.SZ,1.0311438297078086
2026-01-26,123124.SZ,0.1828838848097066
2026-01-26,123126.SZ,-0.09991306280988912
2026-01-26,123128.SZ,-1.1096175698429733
2026-01-26,123129.SZ,-0.08200451302243134
2026-01-26,123131.SZ,0.012585312242403238
2026-01-26,123133.SZ,0.2983240635039112
2026-01-26,123138.SZ,0.7068430985506918
2026-01-26,123142.SZ,0.9998265759393394
2026-01-26,123144.SZ,0.48794971850396285
2026-01-26,123146.SZ,-0.9388775382372234
2026-01-26,123149.SZ,-0.4820682474718785
2026-01-26,123150.SZ,0.376708279630254
2026-01-26,123151.SZ,1.6479274688637973
2026-01-26,123154.SZ,4.889447364452521
2026-01-26,123155.SZ,0.34678189864781533
2026-01-26,123157.SZ,0.15682342994423404
2026-01-26,123158.SZ,-0.38275020980216745
2026-01-26,123159.SZ,-1.1065577782948466
2026-01-26,123160.SZ,-0.07226164881344779
2026-01-26,123165.SZ,0.26266333436021644
2026-01-26,123168.SZ,0.074892776491956
2026-01-26,123171.SZ,0.46787106528659655
2026-01-26,123172.SZ,-0.691467137677389
2026-01-26,123173.SZ,0.22260177058238256
2026-01-26,123175.SZ,0.691649537868755
2026-01-26,123176.SZ,-1.5949098245481956
2026-01-26,123178.SZ,-0.776147463005794
2026-01-26,123179.SZ,2.7711354622900926
2026-01-26,123180.SZ,0.09241791085405096
2026-01-26,123182.SZ,-1.099735507383822
2026-01-26,123183.SZ,-0.05552620419993486
2026-01-26,123187.SZ,-0.28736294100146975
2026-01-26,123188.SZ,-0.1653150141346829
2026-01-26,123189.SZ,0.31804190444183716
2026-01-26,123192.SZ,0.4207018221433326
2026-01-26,123193.SZ,0.23732791113755086
2026-01-26,123194.SZ,0.4066702980513714
2026-01-26,123195.SZ,0.3586215067126501
2026-01-26,123196.SZ,0.1704512765275334
2026-01-26,123197.SZ,-0.018723360904350336
2026-01-26,123198.SZ,-0.8292940154431072
2026-01-26,123199.SZ,0.16352874495304756
2026-01-26,123207.SZ,0.12126993522366747
2026-01-26,123209.SZ,-0.6535687518691284
2026-01-26,123210.SZ,-0.7098367201209066
2026-01-26,123211.SZ,-0.23967540716602642
2026-01-26,123213.SZ,0.021861954883809764
2026-01-26,123214.SZ,-0.06450649822833988
2026-01-26,123215.SZ,-0.2786221880323997
2026-01-26,123216.SZ,-0.1886714717795088
2026-01-26,123220.SZ,0.26001225198160643
2026-01-26,123221.SZ,-0.8854471229095721
2026-01-26,123222.SZ,0.15994105318072435
2026-01-26,123223.SZ,-0.20149694884888916
2026-01-26,123224.SZ,-0.9471725575159894
2026-01-26,123225.SZ,0.2699311700579785
2026-01-26,123229.SZ,0.03435885286441727
2026-01-26,123235.SZ,0.15215721241930627
2026-01-26,123236.SZ,0.26320614788255653
2026-01-26,123237.SZ,-0.4006221690551144
2026-01-26,123239.SZ,-0.6962408419060052
2026-01-26,123241.SZ,-0.18677090115260742
2026-01-26,123242.SZ,-1.104999442432787
2026-01-26,123243.SZ,-1.074496702207308
2026-01-26,123245.SZ,-1.2201236197731455
2026-01-26,123246.SZ,-0.08141286690953611
2026-01-26,123247.SZ,-0.38158625881241426
2026-01-26,123250.SZ,1.3728815927024522
2026-01-26,123251.SZ,-0.06574847348676181
2026-01-26,123252.SZ,-0.7649179321641988
2026-01-26,123253.SZ,-0.05836023573741379
2026-01-26,123254.SZ,-0.3849758901022588
2026-01-26,123255.SZ,0.03949164480668377
2026-01-26,123256.SZ,-2.7379692161760683
2026-01-26,123257.SZ,0.5630768153055368
2026-01-26,123258.SZ,0.7368338438300123
2026-01-26,123259.SZ,0.10978678368364601
2026-01-26,123260.SZ,-0.9140687320150633
2026-01-26,123261.SZ,0.013463808101201513
2026-01-26,123262.SZ,0.5233781694816917
2026-01-26,123263.SZ,0.7752519520717972
2026-01-26,123264.SZ,0.6933651378803465
2026-01-26,127016.SZ,-0.6027368019846566
2026-01-26,127017.SZ,0.7442699609051707
2026-01-26,127018.SZ,-0.7218620354367764
2026-01-26,127022.SZ,-0.9077657203920297
2026-01-26,127024.SZ,-0.42339952496475525
2026-01-26,127025.SZ,3.45638157999942
2026-01-26,127026.SZ,-0.6875157995014243
2026-01-26,127027.SZ,-0.06637124363691374
2026-01-26,127030.SZ,0.012780847011343249
2026-01-26,127031.SZ,-0.07651459787615314
2026-01-26,127034.SZ,0.2051814658778749
2026-01-26,127037.SZ,-0.1076401268578047
2026-01-26,127038.SZ,0.36890415642475166
2026-01-26,127039.SZ,-1.111517186760991
2026-01-26,127040.SZ,-0.7395194907929805
2026-01-26,127041.SZ,-0.6244636353317518
2026-01-26,127044.SZ,0.30149268676351226
2026-01-26,127045.SZ,-0.3065776940996109
2026-01-26,127046.SZ,2.8362124971445217
2026-01-26,127047.SZ,-1.057902632256544
2026-01-26,127049.SZ,0.08655675841123406
2026-01-26,127050.SZ,-0.2953037057515862
2026-01-26,127053.SZ,-0.8793909003189067
2026-01-26,127054.SZ,-0.21614633302335734
2026-01-26,127055.SZ,-0.7901005907869383
2026-01-26,127056.SZ,0.8121556928764735
2026-01-26,127059.SZ,-0.04175579725929751
2026-01-26,127060.SZ,0.8785829349696284
2026-01-26,127061.SZ,-0.3207747023601954
2026-01-26,127062.SZ,0.46068596928046984
2026-01-26,127064.SZ,-0.4135338467351461
2026-01-26,127066.SZ,0.16062412244418683
2026-01-26,127067.SZ,-0.5019923020337729
2026-01-26,127068.SZ,0.640364478448181
2026-01-26,127069.SZ,0.24296271667194538
2026-01-26,127070.SZ,0.23002995626409165
2026-01-26,127071.SZ,-1.0741748376860614
2026-01-26,127072.SZ,0.37266004764444316
2026-01-26,127075.SZ,-0.2673022504794348
2026-01-26,127076.SZ,-0.35330003904155455
2026-01-26,127078.SZ,-0.8511479366124876
2026-01-26,127079.SZ,-0.6525958954454277
2026-01-26,127080.SZ,-2.2929920279329203
2026-01-26,127082.SZ,-0.0514874455535545
2026-01-26,127083.SZ,0.48896157417344843
2026-01-26,127084.SZ,-0.3065236505961954
2026-01-26,127085.SZ,1.478237886458371
2026-01-26,127088.SZ,-0.2201473863316496
2026-01-26,127089.SZ,-0.559863699459963
2026-01-26,127090.SZ,0.28381677137239525
2026-01-26,127092.SZ,0.23179269638361957
2026-01-26,127093.SZ,-0.1421608257556955
2026-01-26,127094.SZ,-0.6411821276107411
2026-01-26,127095.SZ,-0.5287494362073749
2026-01-26,127096.SZ,-0.40173194383882566
2026-01-26,127098.SZ,1.6347925743968077
2026-01-26,127099.SZ,-0.33590448681728696
2026-01-26,127102.SZ,0.2899167639645052
2026-01-26,127103.SZ,-0.4171596767328468
2026-01-26,127104.SZ,0.3166889904189576
2026-01-26,127105.SZ,0.2996462631832473
2026-01-26,127108.SZ,-0.3026273585406778
2026-01-26,127109.SZ,0.29859619155969713
2026-01-26,127110.SZ,-0.2132194004589666
2026-01-26,127111.SZ,0.17124544703292766
2026-01-26,128097.SZ,-0.2921465869891637
2026-01-26,128101.SZ,-0.6717114005064488
2026-01-26,128108.SZ,0.5618651814125525
2026-01-26,128119.SZ,2.8173214071200823
2026-01-26,128121.SZ,0.24261035792049113
2026-01-26,128124.SZ,5.158479617020011
2026-01-26,128125.SZ,0.12040522590216474
2026-01-26,128127.SZ,-0.013683070652094398
2026-01-26,128128.SZ,-0.549540901226125
2026-01-26,128129.SZ,-0.17346852073317787
2026-01-26,128134.SZ,1.0952775514117867
2026-01-26,128135.SZ,3.389282388862441
2026-01-26,128136.SZ,-0.1607795218504771
2026-01-26,128137.SZ,-0.8871839001491988
2026-01-26,128138.SZ,0.3919827131631566
2026-01-26,128141.SZ,-0.8038706553705403
2026-01-26,128142.SZ,-0.3676843166003996
2026-01-27,110067.SH,-1.0231171459610757
2026-01-27,110070.SH,-0.9198810222771506
2026-01-27,110073.SH,-0.1904764808929079
2026-01-27,110074.SH,-1.0547679457324153
2026-01-27,110075.SH,0.1432194162294465
2026-01-27,110076.SH,2.1907156037061055
2026-01-27,110077.SH,-0.8685924206219027
2026-01-27,110081.SH,0.3036165342766014
2026-01-27,110084.SH,-0.2703659027201172
2026-01-27,110085.SH,1.8031240617859816
2026-01-27,110086.SH,-0.1863951693518487
2026-01-27,110087.SH,-0.3265902000601843
2026-01-27,110089.SH,-1.0844474120096654
2026-01-27,110090.SH,0.295770785695633
2026-01-27,110092.SH,0.2750821612080696
2026-01-27,110093.SH,-0.515227906012131
2026-01-27,110094.SH,-1.0727896030232582
2026-01-27,110095.SH,-0.8943680611236968
2026-01-27,110097.SH,0.2252849450977496
2026-01-27,110098.SH,-0.4550402323330959
2026-01-27,110099.SH,0.15700091034087485
2026-01-27,111000.SH,-0.7990773356176084
2026-01-27,111001.SH,1.0614955596495688
2026-01-27,111002.SH,-0.15280233056013545
2026-01-27,111003.SH,0.07673343409664021
2026-01-27,111004.SH,-0.31603530137553815
2026-01-27,111005.SH,0.2844373842185452
2026-01-27,111009.SH,0.814110448277098
2026-01-27,111010.SH,-0.6829057514644521
2026-01-27,111012.SH,-1.3186908465217542
2026-01-27,111013.SH,-0.3711571956100851
2026-01-27,111014.SH,0.9326017065137391
2026-01-27,111015.SH,-0.5666181642853602
2026-01-27,111016.SH,-1.0745778562073747
2026-01-27,111017.SH,-0.46236902479530867
2026-01-27,111018.SH,0.32742187231940895
2026-01-27,111019.SH,-0.8100235241259449
2026-01-27,111020.SH,-0.0841882434493522
2026-01-27,111021.SH,-1.3492524098172918
2026-01-27,111022.SH,0.056621943842490474
2026-01-27,111023.SH,0.18319745596320244
2026-01-27,111024.SH,1.162412540598452
2026-01-27,113033.SH,-0.8641166794709001
2026-01-27,113037.SH,-0.0275110681706381
2026-01-27,113039.SH,-0.3027293350207726
2026-01-27,113042.SH,-0.6878433793254267
2026-01-27,113043.SH,-0.5200896476545984
2026-01-27,113046.SH,-0.5056617260184558
2026-01-27,113048.SH,0.2769544117516962
2026-01-27,113049.SH,1.7635202229745104
2026-01-27,113051.SH,-0.3135826452681512
2026-01-27,113052.SH,-0.13716873100296126
2026-01-27,113053.SH,-0.4410724342961835
2026-01-27,113054.SH,0.2090784436726151
2026-01-27,113056.SH,-0.6359394278690561
2026-01-27,113058.SH,-0.8176468285386597
2026-01-27,113059.SH,3.914987310414519
2026-01-27,113062.SH,-0.8772249972494424
2026-01-27,113066.SH,-0.24567054190686274
2026-01-27,113067.SH,-0.10892403504866044
2026-01-27,113070.SH,-0.2107057131315335
2026-01-27,113574.SH,0.1389171092311603
2026-01-27,113575.SH,0.9086447487033227
2026-01-27,113579.SH,3.1013782181949896
2026-01-27,113584.SH,-0.6466592136363721
2026-01-27,113588.SH,-0.30686524164594225
2026-01-27,113589.SH,4.416967545092515
2026-01-27,113597.SH,-0.2700811965636044
2026-01-27,113601.SH,-0.5743128143026168
2026-01-27,113605.SH,-0.7606124904976015
2026-01-27,113610.SH,0.749908412960792
2026-01-27,113615.SH,-0.5562606373949982
2026-01-27,113616.SH,0.4636120513197885
2026-01-27,113618.SH,0.38325484964533285
2026-01-27,113623.SH,-1.0770912792548522
2026-01-27,113624.SH,-0.291961473327104
2026-01-27,113625.SH,0.6447951076851934
2026-01-27,113627.SH,0.3417844803632451
2026-01-27,113631.SH,-0.8009158495339698
2026-01-27,113632.SH,-0.678774130886744
2026-01-27,113633.SH,3.130206552109262
2026-01-27,113634.SH,0.6554188159931773
2026-01-27,113636.SH,0.7352331486245436
2026-01-27,113638.SH,1.0447729966416728
2026-01-27,113639.SH,-1.091932493370656
2026-01-27,113640.SH,-0.6617962922259869
2026-01-27,113643.SH,0.33094985319941783
2026-01-27,113644.SH,-0.49910078036043837
2026-01-27,113646.SH,-0.7258398890975424
2026-01-27,113647.SH,0.6165976340693902
2026-01-27,113648.SH,0.6406311157280069
2026-01-27,113649.SH,-0.5894017334015557
2026-01-27,113650.SH,2.3270530930243907
2026-01-27,113651.SH,-0.677491334984906
2026-01-27,113652.SH,-0.11631236268866453
2026-01-27,113653.SH,-0.7857748824398421
2026-01-27,113654.SH,-0.44176007163772374
2026-01-27,113655.SH,-0.4141100995040856
2026-01-27,113656.SH,-0.20181265500603035
2026-01-27,113658.SH,-0.5373026321534797
2026-01-27,113659.SH,0.22093100813206565
2026-01-27,113660.SH,1.819398660782743
2026-01-27,113661.SH,-0.4851065115101956
2026-01-27,113665.SH,0.04957271311777637
2026-01-27,113666.SH,0.5729443359919506
2026-01-27,113667.SH,-0.4327163762286975
2026-01-27,113670.SH,2.0189418346305494
2026-01-27,113671.SH,-0.4118168962339312
2026-01-27,113673.SH,-0.7047765379018291
2026-01-27,113674.SH,0.15055637829622615
2026-01-27,113676.SH,-1.0958471547183035
2026-01-27,113677.SH,0.05469940442511545
2026-01-27,113678.SH,-0.4449436458325342
2026-01-27,113679.SH,0.5778738792965317
2026-01-27,113680.SH,-0.112202430788302
2026-01-27,113681.SH,0.17774802686162144
2026-01-27,113682.SH,0.6786213775086931
2026-01-27,113686.SH,-0.7791980929373495
2026-01-27,113687.SH,-0.00961441758432209
2026-01-27,113688.SH,-0.1652633210221818
2026-01-27,113691.SH,-0.6034430507411849
2026-01-27,113692.SH,0.3579239482800782
2026-01-27,113693.SH,0.25844547198901696
2026-01-27,113694.SH,-0.36860401803820825
2026-01-27,113695.SH,-0.24755079082818318
2026-01-27,113696.SH,0.31466732015603494
2026-01-27,113697.SH,0.03220313945975467
2026-01-27,113698.SH,-0.41483027406678613
2026-01-27,113699.SH,0.5249218846055338
2026-01-27,118000.SH,-1.0648565949250188
2026-01-27,118003.SH,-0.4871788187413725
2026-01-27,118004.SH,-0.2756798218873754
2026-01-27,118005.SH,1.1919668735308342
2026-01-27,118006.SH,-0.46612015158359515
2026-01-27,118007.SH,0.15627399675977055
2026-01-27,118008.SH,-0.7888821839809139
2026-01-27,118009.SH,-1.08728051360207
2026-01-27,118010.SH,4.37800757983266
2026-01-27,118011.SH,-0.15455029787140984
2026-01-27,118012.SH,-1.998282589886625
2026-01-27,118013.SH,0.3412139975699864
2026-01-27,118015.SH,1.1354658805854156
2026-01-27,118016.SH,-0.8688099353526081
2026-01-27,118018.SH,-0.02054009058022184
2026-01-27,118020.SH,0.8199567785840041
2026-01-27,118021.SH,-0.41269659188532815
2026-01-27,118022.SH,0.9132406493261835
2026-01-27,118024.SH,0.11138998416635962
2026-01-27,118025.SH,0.18292656390553952
2026-01-27,118027.SH,-2.3383724418514134
2026-01-27,118029.SH,-1.0886799163348924
2026-01-27,118030.SH,-0.6084155543817663
2026-01-27,118031.SH,-0.9315944779368361
2026-01-27,118032.SH,2.582112107672648
2026-01-27,118033.SH,0.084733566316396
2026-01-27,118034.SH,-0.5681531333276927
2026-01-27,118035.SH,0.22235401479540154
2026-01-27,118036.SH,0.26165294595520383
2026-01-27,118037.SH,-0.42673020467253725
2026-01-27,118038.SH,-0.454510289584415
2026-01-27,118039.SH,-0.9010749826902621
2026-01-27,118040.SH,-0.31158690051713595
2026-01-27,118041.SH,0.18763900678251139
2026-01-27,118042.SH,-0.12116521632081675
2026-01-27,118043.SH,-1.0452262406857902
2026-01-27,118044.SH,-0.2521446362466905
2026-01-27,118045.SH,-0.1759356477126783
2026-01-27,118048.SH,-0.1096523720544005
2026-01-27,118049.SH,-1.4859313340921516
2026-01-27,118050.SH,0.08803666244248096
2026-01-27,118051.SH,-0.2519831063200908
2026-01-27,118052.SH,0.07160837057315877
2026-01-27,118053.SH,-0.5425608501467236
2026-01-27,118054.SH,-0.4620059688956904
2026-01-27,118055.SH,-0.24233021450684833
2026-01-27,118056.SH,0.10188372786242875
2026-01-27,118057.SH,-0.3210937587575421
2026-01-27,118058.SH,-0.12954541102351907
2026-01-27,118059.SH,-0.07323904731872724
2026-01-27,118060.SH,0.5944848969545292
2026-01-27,118061.SH,1.4112723129650018
2026-01-27,118062.SH,0.7198124024230992
2026-01-27,118063.SH,1.0065100287471964
2026-01-27,123049.SZ,0.04947962373410053
2026-01-27,123054.SZ,-0.49396945183987484
2026-01-27,123059.SZ,-0.5621805353090249
2026-01-27,123061.SZ,0.1469840815301321
2026-01-27,123064.SZ,-0.7478622049606731
2026-01-27,123065.SZ,2.0910870219699116
2026-01-27,123071.SZ,-0.18237353790179245
2026-01-27,123072.SZ,3.5773766974798042
2026-01-27,123076.SZ,-0.03318661558203401
2026-01-27,123080.SZ,-0.3358987485157256
2026-01-27,123085.SZ,-0.7928832136027123
2026-01-27,123088.SZ,-0.959848134358058
2026-01-27,123090.SZ,1.891397920517961
2026-01-27,123091.SZ,-0.39462200173430584
2026-01-27,123092.SZ,-0.6464998332557454
2026-01-27,123104.SZ,0.018757400826389437
2026-01-27,123107.SZ,-0.21538759332612586
2026-01-27,123108.SZ,0.37707847949886564
2026-01-27,123109.SZ,1.4696770952487521
2026-01-27,123112.SZ,-0.3853529662811445
2026-01-27,123113.SZ,0.4810701323639948
2026-01-27,123114.SZ,-0.15202484702736452
2026-01-27,123117.SZ,1.9429304594128405
2026-01-27,123118.SZ,-0.8422721238140755
2026-01-27,123119.SZ,-0.47390749775191177
2026-01-27,123121.SZ,0.3393064433337613
2026-01-27,123122.SZ,2.2070452455710967
2026-01-27,123124.SZ,0.33008292104475045
2026-01-27,123126.SZ,-0.07712514936072257
2026-01-27,123128.SZ,-1.09794368660803
2026-01-27,123129.SZ,-0.1051187107192123
2026-01-27,123131.SZ,-0.11649514613896661
2026-01-27,123133.SZ,-0.2865086789986693
2026-01-27,123138.SZ,0.7294198343776946
2026-01-27,123142.SZ,1.0633985116407165
2026-01-27,123144.SZ,0.492228691184023
2026-01-27,123146.SZ,-0.9210993317997989
2026-01-27,123149.SZ,-0.49654830320241794
2026-01-27,123150.SZ,0.03980594908695837
2026-01-27,123151.SZ,1.5073738761947455
2026-01-27,123154.SZ,4.975647440749232
2026-01-27,123155.SZ,-0.20946653610640592
2026-01-27,123157.SZ,0.18521054343603738
2026-01-27,123158.SZ,-0.05131969769726278
2026-01-27,123159.SZ,-1.08755872281626
2026-01-27,123160.SZ,-0.3445451008639363
2026-01-27,123165.SZ,0.33409579593986843
2026-01-27,123168.SZ,-0.011972893963343643
2026-01-27,123171.SZ,0.42323000440948766
2026-01-27,123172.SZ,-0.7919379688752402
2026-01-27,123173.SZ,0.18160267904351665
2026-01-27,123175.SZ,0.6291231785835345
2026-01-27,123176.SZ,-2.8540215863728684
2026-01-27,123178.SZ,-0.7633633779945896
2026-01-27,123179.SZ,2.6237737865463324
2026-01-27,123180.SZ,-0.2671959503672031
2026-01-27,123182.SZ,-1.0812944628069194
2026-01-27,123183.SZ,-0.061257442510107715
2026-01-27,123187.SZ,-0.11653354524124593
2026-01-27,123188.SZ,-0.21215755735306577
2026-01-27,123189.SZ,-0.3664415264849734
2026-01-27,123192.SZ,0.4774190439961595
2026-01-27,123193.SZ,0.24305803167405346
2026-01-27,123194.SZ,0.40134125799639864
2026-01-27,123195.SZ,0.06513983223155809
2026-01-27,123196.SZ,0.16572594159745524
2026-01-27,123197.SZ,-0.0433480534203805
2026-01-27,123198.SZ,-0.8434640591322009
2026-01-27,123199.SZ,-0.5518180813694664
2026-01-27,123207.SZ,-0.1051824577215642
2026-01-27,123209.SZ,0.18371123472524198
2026-01-27,123210.SZ,-0.8187050089624208
2026-01-27,123211.SZ,-0.22737575613071945
2026-01-27,123213.SZ,-0.9317545828835213
2026-01-27,123214.SZ,-0.11802975331227827
2026-01-27,123215.SZ,-0.3523013541827886
2026-01-27,123216.SZ,-0.26395970021995335
2026-01-27,123220.SZ,-0.5304214524498901
2026-01-27,123221.SZ,-0.9567142895470498
2026-01-27,123222.SZ,0.29237780032961147
2026-01-27,123223.SZ,-0.23829892759060375
2026-01-27,123224.SZ,-0.0423282471284971
2026-01-27,123225.SZ,0.2200883736913757
2026-01-27,123229.SZ,-0.06038465438846664
2026-01-27,123235.SZ,-0.5672672064081943
2026-01-27,123236.SZ,0.2591115486783867
2026-01-27,123237.SZ,-0.40808996995199254
2026-01-27,123239.SZ,-0.6986262747964218
2026-01-27,123241.SZ,-0.21383156356369826
2026-01-27,123242.SZ,-1.092649040897923
2026-01-27,123243.SZ,-1.07540758095295
2026-01-27,123245.SZ,-0.11240233397082888
2026-01-27,123246.SZ,0.08257923812977319
2026-01-27,123247.SZ,-0.9477239346063587
2026-01-27,123250.SZ,1.4513381109430514
2026-01-27,123251.SZ,-0.5364114400539576
2026-01-27,123252.SZ,-0.7485158843062805
2026-01-27,123253.SZ,-0.014597368835358315
2026-01-27,123254.SZ,-0.38459866886223953
2026-01-27,123255.SZ,0.32501920129586265
2026-01-27,123256.SZ,-1.9447265640349825
2026-01-27,123257.SZ,0.5169146809429229
2026-01-27,123258.SZ,0.8076804558580197
2026-01-27,123259.SZ,0.06285582038178572
2026-01-27,123260.SZ,-1.6721058181233166
2026-01-27,123261.SZ,0.4521799753364887
2026-01-27,123262.SZ,0.44054751963838146
2026-01-27,123263.SZ,0.8181264522641017
2026-01-27,123264.SZ,0.7366177943619783
2026-01-27,127016.SZ,-0.5511746425574833
2026-01-27,127017.SZ,0.7731831412557155
2026-01-27,127018.SZ,-0.7711516660987824
2026-01-27,127022.SZ,-0.8874608694986139
2026-01-27,127024.SZ,-0.30444350035704326
2026-01-27,127025.SZ,3.346652523726387
2026-01-27,127026.SZ,-0.6843393295630248
2026-01-27,127027.SZ,-0.11889203522607378
2026-01-27,127030.SZ,-0.07279306550688137
2026-01-27,127031.SZ,-0.17004994931660414
2026-01-27,127034.SZ,0.21281220502770387
2026-01-27,127037.SZ,0.32015369271108657
2026-01-27,127038.SZ,0.39491661959285873
2026-01-27,127039.SZ,-1.084042258822059
2026-01-27,127040.SZ,0.16754131935403593
2026-01-27,127041.SZ,-0.6007352749246662
2026-01-27,127044.SZ,0.312106423680189
2026-01-27,127045.SZ,-0.339484601786111
2026-01-27,127046.SZ,3.076646749839831
2026-01-27,127047.SZ,-1.0186540605638918
2026-01-27,127049.SZ,-0.010493016093644768
2026-01-27,127050.SZ,-0.3286450452493559
2026-01-27,127053.SZ,-0.8638699405758428
2026-01-27,127054.SZ,-0.22551787214839908
2026-01-27,127055.SZ,0.15292116299499647
2026-01-27,127056.SZ,0.7784937515713071
2026-01-27,127059.SZ,-0.049550532097148874
2026-01-27,127060.SZ,0.8310195739233253
2026-01-27,127061.SZ,-0.32354381037241436
2026-01-27,127062.SZ,0.6714902225149859
2026-01-27,127064.SZ,-0.45085810950112337
2026-01-27,127066.SZ,0.3078491081105288
2026-01-27,127067.SZ,-0.5114914154582225
2026-01-27,127068.SZ,0.5873163208239665
2026-01-27,127069.SZ,0.24471371342170076
2026-01-27,127070.SZ,-0.15716782834533
2026-01-27,127071.SZ,-1.0137491347843488
2026-01-27,127072.SZ,-0.20016344604850378
2026-01-27,127075.SZ,-0.2697767097536996
2026-01-27,127076.SZ,-0.3714742174127986
2026-01-27,127078.SZ,-0.8310046144110791
2026-01-27,127079.SZ,-0.664351957474664
2026-01-27,127080.SZ,-0.5410714818215128
2026-01-27,127082.SZ,-0.47160473020978777
2026-01-27,127083.SZ,0.26006796861119374
2026-01-27,127084.SZ,-0.2919630915246343
2026-01-27,127085.SZ,1.4799608854665793
2026-01-27,127088.SZ,-0.17350707135062932
2026-01-27,127089.SZ,-0.4335984629480868
2026-01-27,127090.SZ,0.10097415386050554
2026-01-27,127092.SZ,-0.25368197297989425
2026-01-27,127093.SZ,-0.11429135473441614
2026-01-27,127094.SZ,-0.8118645498713086
2026-01-27,127095.SZ,0.2608118113943687
2026-01-27,127096.SZ,-0.40857354533931006
2026-01-27,127098.SZ,1.6575000508203281
2026-01-27,127099.SZ,-0.3244792976103013
2026-01-27,127102.SZ,0.29866140005434877
2026-01-27,127103.SZ,-0.48190412275007094
2026-01-27,127104.SZ,0.22442846491416402
2026-01-27,127105.SZ,0.25964502727499517
2026-01-27,127108.SZ,-0.28445936466374294
2026-01-27,127109.SZ,0.21521230206506745
2026-01-27,127110.SZ,-0.2497622630469599
2026-01-27,127111.SZ,0.17749009272902072
2026-01-27,128097.SZ,-0.23512885447667994
2026-01-27,128101.SZ,-0.740939266099923
2026-01-27,128108.SZ,0.5816174397099271
2026-01-27,128119.SZ,2.6660293439136113
2026-01-27,128121.SZ,0.29005365189040716
2026-01-27,128124.SZ,5.00433098221285
2026-01-27,128125.SZ,-0.6394297108763501
2026-01-27,128127.SZ,-0.6518165057740252
2026-01-27,128128.SZ,-0.5979448261208941
2026-01-27,128129.SZ,-0.15321970476192534
2026-01-27,128134.SZ,1.2619602607625386
2026-01-27,128135.SZ,3.383575540578708
2026-01-27,128136.SZ,-0.11674195790463801
2026-01-27,128137.SZ,-1.0204606211170817
2026-01-27,128138.SZ,0.4419030223216298
2026-01-27,128141.SZ,-0.8241178797010426
2026-01-27,128142.SZ,0.29654323997739584
2026-01-28,110067.SH,-1.0290648871936263
2026-01-28,110070.SH,-0.9481742796964451
2026-01-28,110073.SH,-0.18273518263784888
2026-01-28,110074.SH,-0.792738421300765
2026-01-28,110075.SH,0.09840913518667527
2026-01-28,110076.SH,2.267047295555532
2026-01-28,110077.SH,0.06864818283936824
2026-01-28,110081.SH,-0.3774974523059354
2026-01-28,110084.SH,0.31286595754437063
2026-01-28,110085.SH,1.8130956702986638
2026-01-28,110086.SH,0.22845313331240474
2026-01-28,110087.SH,-0.5189829547926876
2026-01-28,110089.SH,-1.092270032184818
2026-01-28,110090.SH,0.2998311896202575
2026-01-28,110092.SH,-0.01059381730282044
2026-01-28,110093.SH,0.19519893866654905
2026-01-28,110094.SH,-1.0956484079396758
2026-01-28,110095.SH,-0.8680197034663293
2026-01-28,110097.SH,-0.47634566567432773
2026-01-28,110098.SH,-0.4106559907285847
2026-01-28,110099.SH,0.20813377548134923
2026-01-28,111000.SH,-0.7854887900944466
2026-01-28,111001.SH,1.0897670301031488
2026-01-28,111002.SH,-0.15344262734531608
2026-01-28,111003.SH,0.10010120253427728
2026-01-28,111004.SH,-0.3744420542887707
2026-01-28,111005.SH,0.14557146523218423
2026-01-28,111009.SH,0.8591667218668789
2026-01-28,111010.SH,-0.8771904570893999
2026-01-28,111012.SH,-1.7925220458748092
2026-01-28,111013.SH,0.2868573548547114
2026-01-28,111014.SH,0.9673822354969442
2026-01-28,111015.SH,-0.5717286531505432
2026-01-28,111016.SH,-1.105577990687695
2026-01-28,111017.SH,0.1504723487334479
2026-01-28,111018.SH,0.23544559595353057
2026-01-28,111019.SH,0.09721289691148377
2026-01-28,111020.SH,-0.07056792712716159
2026-01-28,111021.SH,-0.8698684446308597
2026-01-28,111022.SH,0.04421433969489847
2026-01-28,111023.SH,0.1324643542417379
2026-01-28,111024.SH,1.2014235893442107
2026-01-28,113033.SH,-0.8810519291540205
2026-01-28,113037.SH,0.4178775347628735
2026-01-28,113039.SH,-0.044584660496247444
2026-01-28,113042.SH,-0.6907803281750924
2026-01-28,113043.SH,-0.46546597007250273
2026-01-28,113046.SH,-0.47671288095753056
2026-01-28,113048.SH,-0.2439815308291016
2026-01-28,113049.SH,1.7384260889039822
2026-01-28,113051.SH,-0.3072968573823822
2026-01-28,113052.SH,-0.16237727762105295
2026-01-28,113053.SH,-0.4811647932882875
2026-01-28,113054.SH,0.44171473618306023
2026-01-28,113056.SH,-0.6588745562961692
2026-01-28,113058.SH,-0.7796871718178787
2026-01-28,113059.SH,3.8043313967014414
2026-01-28,113062.SH,0.06535354470664251
2026-01-28,113066.SH,0.3227635766956833
2026-01-28,113067.SH,0.37028475844054
2026-01-28,113070.SH,0.3386579295531921
2026-01-28,113574.SH,0.09812526641129277
2026-01-28,113575.SH,2.085119928839245
2026-01-28,113579.SH,3.1652776817528383
2026-01-28,113584.SH,0.05320948382532703
2026-01-28,113588.SH,0.2584534945049797
2026-01-28,113589.SH,0.30720832769653295
2026-01-28,113597.SH,-0.28397236898200523
2026-01-28,113601.SH,-0.024141967199554443
2026-01-28,113605.SH,0.1519324296065543
2026-01-28,113610.SH,0.8414388892994827
2026-01-28,113615.SH,-0.5133053103442876
2026-01-28,113616.SH,0.4418097815295161
2026-01-28,113618.SH,0.38976935386977085
2026-01-28,113623.SH,0.009953853458578743
2026-01-28,113624.SH,-0.273315267784066
2026-01-28,113625.SH,0.7022650973159477
2026-01-28,113627.SH,0.1624632872555107
2026-01-28,113631.SH,0.11265443418746834
2026-01-28,113632.SH,-0.6592802854073706
2026-01-28,113633.SH,3.2301024205223143
2026-01-28,113634.SH,0.6696663190634534
2026-01-28,113636.SH,0.636495956714177
2026-01-28,113638.SH,1.7766282895877012
2026-01-28,113639.SH,-1.1133614704055284
2026-01-28,113640.SH,-0.6852199063843217
2026-01-28,113643.SH,0.4506776253144277
2026-01-28,113644.SH,-0.520763120236954
2026-01-28,113646.SH,-0.7677768432684478
2026-01-28,113647.SH,0.6028170959394115
2026-01-28,113648.SH,0.9231723384532168
2026-01-28,113649.SH,0.19345034618164866
2026-01-28,113650.SH,1.8480339453247074
2026-01-28,113651.SH,-0.7203537336743149
2026-01-28,113652.SH,-0.14927020705099184
2026-01-28,113653.SH,-0.8119262289766233
2026-01-28,113654.SH,-0.1942510925062389
2026-01-28,113655.SH,-0.45725372085518196
2026-01-28,113656.SH,-0.20125373707819008
2026-01-28,113658.SH,0.18573423051165064
2026-01-28,113659.SH,-0.4844113295160671
2026-01-28,113660.SH,2.084834543314019
2026-01-28,113661.SH,-0.598044729819052
2026-01-28,113665.SH,0.03738582343893111
2026-01-28,113666.SH,0.41122655219126614
2026-01-28,113667.SH,-0.4239533991589309
2026-01-28,113670.SH,2.099964414457374
2026-01-28,113671.SH,-0.4713040649216837
2026-01-28,113673.SH,-2.8432848706211673
2026-01-28,113674.SH,-0.0017317112388012788
2026-01-28,113676.SH,-1.0989102235828452
2026-01-28,113677.SH,-0.2121806689953884
2026-01-28,113678.SH,-0.45040349812814495
2026-01-28,113679.SH,0.39916469064603205
2026-01-28,113680.SH,-0.10464267265327516
2026-01-28,113681.SH,0.1341621268558178
2026-01-28,113682.SH,0.7674341322455412
2026-01-28,113686.SH,-0.7946723735758365
2026-01-28,113687.SH,-0.44506759576473026
2026-01-28,113688.SH,-0.20273232368016203
2026-01-28,113691.SH,-0.5978572780705628
2026-01-28,113692.SH,0.29892925268075016
2026-01-28,113693.SH,0.4536709511946939
2026-01-28,113694.SH,-0.39531771320991993
2026-01-28,113695.SH,-0.4371932919232398
2026-01-28,113696.SH,0.2682156122954313
2026-01-28,113697.SH,0.22212689923479928
2026-01-28,113698.SH,-1.3644132719543796
2026-01-28,113699.SH,0.584782666758017
2026-01-28,118000.SH,-1.0974905233627248
2026-01-28,118003.SH,-0.516261780210063
2026-01-28,118004.SH,-0.25176195466385676
2026-01-28,118005.SH,2.730370319837884
2026-01-28,118006.SH,-0.6042403872413957
2026-01-28,118007.SH,-0.45398681207354924
2026-01-28,118008.SH,-0.8769770788408288
2026-01-28,118009.SH,-1.109611707844536
2026-01-28,118010.SH,4.384259837351387
2026-01-28,118011.SH,0.31433444596705085
2026-01-28,118012.SH,-0.9590537655020052
2026-01-28,118013.SH,0.1816479857092721
2026-01-28,118015.SH,0.9778492413650013
2026-01-28,118016.SH,-0.8923884307699215
2026-01-28,118018.SH,0.1287098948494328
2026-01-28,118020.SH,1.0676452984773968
2026-01-28,118021.SH,0.12134025805031862
2026-01-28,118022.SH,0.9659708540696471
2026-01-28,118024.SH,0.1149303844839763
2026-01-28,118025.SH,-0.06214196011870521
2026-01-28,118027.SH,-0.3988301355185233
2026-01-28,118029.SH,-1.1041430595582655
2026-01-28,118030.SH,-0.5359579652752767
2026-01-28,118031.SH,-0.9447868818105952
2026-01-28,118032.SH,2.7541289134066154
2026-01-28,118033.SH,0.5915254485165188
2026-01-28,118034.SH,-0.6083269517730531
2026-01-28,118035.SH,0.3160804826095409
2026-01-28,118036.SH,-0.285817200745568
2026-01-28,118037.SH,-0.4656953553276731
2026-01-28,118038.SH,-0.15711213824647977
2026-01-28,118039.SH,-0.9158482026290995
2026-01-28,118040.SH,-0.3326357305510689
2026-01-28,118041.SH,0.18798160891491603
2026-01-28,118042.SH,-0.27609602437285824
2026-01-28,118043.SH,-1.1114223913273544
2026-01-28,118044.SH,-0.4271702739184219
2026-01-28,118045.SH,-0.14096371051906004
2026-01-28,118048.SH,-1.234093372551553
2026-01-28,118049.SH,-1.059020450831241
2026-01-28,118050.SH,0.024017206329487478
2026-01-28,118051.SH,-0.29067392057199504
2026-01-28,118052.SH,-0.15578028088780232
2026-01-28,118053.SH,-0.21519371496820025
2026-01-28,118054.SH,-0.5195088754078332
2026-01-28,118055.SH,-0.4725108236205394
2026-01-28,118056.SH,-0.12576799866321592
2026-01-28,118057.SH,-0.23098566555584954
2026-01-28,118058.SH,-1.0400037119694665
2026-01-28,118059.SH,-2.3439087915896106
2026-01-28,118060.SH,0.03779432719941825
2026-01-28,118061.SH,1.3215827794541213
2026-01-28,118062.SH,0.7839852800566367
2026-01-28,118063.SH,1.0093664795382966
2026-01-28,123049.SZ,0.0086805398274441
2026-01-28,123054.SZ,-0.4852402499274869
2026-01-28,123059.SZ,-0.552298814973919
2026-01-28,123061.SZ,-0.8564238155844053
2026-01-28,123064.SZ,-0.6851254407923479
2026-01-28,123065.SZ,2.147280762168101
2026-01-28,123071.SZ,-0.18347749544235234
2026-01-28,123072.SZ,3.5963184784647093
2026-01-28,123076.SZ,-0.026504048351426834
2026-01-28,123080.SZ,-0.34876063117886774
2026-01-28,123085.SZ,-0.7418515315852745
2026-01-28,123088.SZ,-1.010801353472054
2026-01-28,123090.SZ,2.0221030601999126
2026-01-28,123091.SZ,-0.3801094319872704
2026-01-28,123092.SZ,-0.6125916063796433
2026-01-28,123104.SZ,0.11807068318602282
2026-01-28,123107.SZ,-0.17526463989902408
2026-01-28,123108.SZ,0.3658259293240834
2026-01-28,123109.SZ,1.329340720720517
2026-01-28,123112.SZ,0.27523860318735216
2026-01-28,123113.SZ,0.5598955549710237
2026-01-28,123114.SZ,-0.42715482473175004
2026-01-28,123117.SZ,1.9910270333357791
2026-01-28,123118.SZ,-0.8585807597236064
2026-01-28,123119.SZ,-0.41165996958489964
2026-01-28,123121.SZ,-0.13350607039767556
2026-01-28,123122.SZ,1.9226491028969535
2026-01-28,123124.SZ,0.2844818337830151
2026-01-28,123126.SZ,0.3463226524771051
2026-01-28,123128.SZ,-1.0714957509721283
2026-01-28,123129.SZ,-0.09410809781493837
2026-01-28,123131.SZ,-0.2834713903824137
2026-01-28,123133.SZ,0.3127767867238418
2026-01-28,123138.SZ,0.7196181233985263
2026-01-28,123142.SZ,1.0427310232852658
2026-01-28,123144.SZ,0.5052891071413146
2026-01-28,123146.SZ,0.012076216276903029
2026-01-28,123149.SZ,-0.5006103716880673
2026-01-28,123150.SZ,0.44851726676623005
2026-01-28,123151.SZ,1.5256182718405513
2026-01-28,123154.SZ,5.038186171444867
2026-01-28,123155.SZ,-0.27428432226234706
2026-01-28,123157.SZ,-0.2470025622881591
2026-01-28,123158.SZ,-0.0458830856962815
2026-01-28,123159.SZ,-1.0988528408894922
2026-01-28,123160.SZ,-0.5837749949515585
2026-01-28,123165.SZ,0.3484417608945774
2026-01-28,123168.SZ,-0.020523524684217916
2026-01-28,123171.SZ,0.42444639939872836
2026-01-28,123172.SZ,-0.6048439969084158
2026-01-28,123173.SZ,0.15609226564322365
2026-01-28,123175.SZ,0.5591813756932695
2026-01-28,123176.SZ,-2.70534992908556
2026-01-28,123178.SZ,-0.7569325571054629
2026-01-28,123179.SZ,2.819554618261718
2026-01-28,123180.SZ,0.04684734676217477
2026-01-28,123182.SZ,-1.0886866939863733
2026-01-28,123183.SZ,-0.01978543190872674
2026-01-28,123187.SZ,-0.28031868859233194
2026-01-28,123188.SZ,-0.24792891919773932
2026-01-28,123189.SZ,0.2544169607997701
2026-01-28,123192.SZ,0.49054240978168046
2026-01-28,123193.SZ,0.20730463679256694
2026-01-28,123194.SZ,-0.036614228525192014
2026-01-28,123195.SZ,-0.5670497867736156
2026-01-28,123196.SZ,0.11969700426568362
2026-01-28,123197.SZ,-0.07078266354598978
2026-01-28,123198.SZ,-0.8375136230492779
2026-01-28,123199.SZ,-0.02078858117871138
2026-01-28,123207.SZ,-0.3295534749396502
2026-01-28,123209.SZ,0.09285872193848327
2026-01-28,123210.SZ,-0.8432930255409296
2026-01-28,123211.SZ,0.319179036420265
2026-01-28,123213.SZ,-0.42899499805729857
2026-01-28,123214.SZ,-0.06798328062224611
2026-01-28,123215.SZ,-0.31258753685892127
2026-01-28,123216.SZ,-0.2448644870143127
2026-01-28,123220.SZ,-0.5096181691333532
2026-01-28,123221.SZ,-0.9879184401764436
2026-01-28,123222.SZ,-0.4131888084863761
2026-01-28,123223.SZ,-0.20840537659009217
2026-01-28,123224.SZ,0.04342290639910826
2026-01-28,123225.SZ,0.21577423572619828
2026-01-28,123229.SZ,-0.020247985893354206
2026-01-28,123235.SZ,-0.5143228466501308
2026-01-28,123236.SZ,0.2409580333192303
2026-01-28,123237.SZ,0.2015361633813169
2026-01-28,123239.SZ,-0.7027910158052905
2026-01-28,123241.SZ,0.33622373446967435
2026-01-28,123242.SZ,-1.104109129554884
2026-01-28,123243.SZ,-0.04893119288782427
2026-01-28,123245.SZ,-0.2718685937269626
2026-01-28,123246.SZ,-0.12353263867654818
2026-01-28,123247.SZ,-1.7846834458271428
2026-01-28,123250.SZ,1.51791861063
2026-01-28,123251.SZ,0.055702936456149627
2026-01-28,123252.SZ,-0.9650518491769562
2026-01-28,123253.SZ,-0.09478305992652512
2026-01-28,123254.SZ,-0.3614956116046255
2026-01-28,123255.SZ,-0.301613185182423
2026-01-28,123256.SZ,-0.8937191623140252
2026-01-28,123257.SZ,0.46584684850698715
2026-01-28,123258.SZ,0.636766681846021
2026-01-28,123259.SZ,-0.10263047065859275
2026-01-28,123260.SZ,-1.078018732641352
2026-01-28,123261.SZ,0.35811206846023425
2026-01-28,123262.SZ,0.5291544383404119
2026-01-28,123263.SZ,0.7366794824184413
2026-01-28,123264.SZ,0.7103829294473752
2026-01-28,127016.SZ,-0.5466395862969605
2026-01-28,127017.SZ,0.7181572081948354
2026-01-28,127018.SZ,-0.7499170984148527
2026-01-28,127022.SZ,-0.930039941920558
2026-01-28,127024.SZ,-0.2995770176422999
2026-01-28,127025.SZ,3.3824909908278893
2026-01-28,127026.SZ,-0.6903158582002812
2026-01-28,127027.SZ,-0.05984294166941883
2026-01-28,127030.SZ,-0.12714391585366303
2026-01-28,127031.SZ,-0.15325396294481167
2026-01-28,127034.SZ,0.20653482104036153
2026-01-28,127037.SZ,0.16169387438055097
2026-01-28,127038.SZ,0.3343364351857126
2026-01-28,127039.SZ,-1.0938254281654245
2026-01-28,127040.SZ,-0.7080317825248893
2026-01-28,127041.SZ,-0.6353326393894906
2026-01-28,127044.SZ,0.26191125439355806
2026-01-28,127045.SZ,-0.3077431375769674
2026-01-28,127046.SZ,3.2954552207382717
2026-01-28,127047.SZ,-1.0273472383734037
2026-01-28,127049.SZ,0.018735259700229667
2026-01-28,127050.SZ,-0.3023771281572525
2026-01-28,127053.SZ,-0.8750972984461916
2026-01-28,127054.SZ,-0.2224690113226791
2026-01-28,127055.SZ,0.15598226385059555
2026-01-28,127056.SZ,0.8619534689566254
2026-01-28,127059.SZ,0.3351802721100152
2026-01-28,127060.SZ,0.92480473783678
2026-01-28,127061.SZ,-0.2929361229061038
2026-01-28,127062.SZ,0.5629479941172715
2026-01-28,127064.SZ,-0.402152729280688
2026-01-28,127066.SZ,0.30010694595935083
2026-01-28,127067.SZ,-0.5539894944133263
2026-01-28,127068.SZ,0.6097657963315632
2026-01-28,127069.SZ,0.277577263245815
2026-01-28,127070.SZ,-0.18468296855749097
2026-01-28,127071.SZ,-1.091313589287494
2026-01-28,127072.SZ,-0.20912782615458902
2026-01-28,127075.SZ,0.33035639836823627
2026-01-28,127076.SZ,-0.3133245625006391
2026-01-28,127078.SZ,-0.7357232248558477
2026-01-28,127079.SZ,-0.7377376823832781
2026-01-28,127080.SZ,0.8448978579072622
2026-01-28,127082.SZ,0.21255376474767404
2026-01-28,127083.SZ,0.48384580664165466
2026-01-28,127084.SZ,-0.27179663941255644
2026-01-28,127085.SZ,0.9619973648622426
2026-01-28,127088.SZ,0.2523319638403523
2026-01-28,127089.SZ,-0.5250704116883941
2026-01-28,127090.SZ,0.040170872815856684
2026-01-28,127092.SZ,-0.4231693935083439
2026-01-28,127093.SZ,-0.08909443656472152
2026-01-28,127094.SZ,-0.666599416415594
2026-01-28,127095.SZ,0.16787360449041774
2026-01-28,127096.SZ,0.2818666707035772
2026-01-28,127098.SZ,1.580901403747709
2026-01-28,127099.SZ,-0.3291955580495232
2026-01-28,127102.SZ,0.14372691659626582
2026-01-28,127103.SZ,-0.4570213524760547
2026-01-28,127104.SZ,-0.32607728944392234
2026-01-28,127105.SZ,-0.4564102001135009
2026-01-28,127108.SZ,-0.3049744104961648
2026-01-28,127109.SZ,0.2423489411047076
2026-01-28,127110.SZ,-0.21355189599507995
2026-01-28,127111.SZ,0.2405172837481286
2026-01-28,128097.SZ,-0.197980692277361
2026-01-28,128101.SZ,-0.7281810871420533
2026-01-28,128108.SZ,0.17898259116073303
2026-01-28,128119.SZ,2.9909624712776957
2026-01-28,128121.SZ,0.23561681143699797
2026-01-28,128124.SZ,4.284411089058401
2026-01-28,128125.SZ,0.13876921497389572
2026-01-28,128127.SZ,0.11311764412430036
2026-01-28,128128.SZ,-0.5062250232769518
2026-01-28,128129.SZ,-0.16565325703975844
2026-01-28,128134.SZ,-0.31093845304922807
2026-01-28,128135.SZ,1.4069751575931992
2026-01-28,128136.SZ,-0.10268237216483757
2026-01-28,128137.SZ,-1.0321084012210433
2026-01-28,128138.SZ,0.08844564121398274
2026-01-28,128141.SZ,-0.8242228356989341
2026-01-28,128142.SZ,-0.2755409692925214
